    FLOAT     ,    FLOAT     ,    FLOAT     
     Msol     ,      -       ,      -       
     Mass     ,  LBV_Factor  ,  WR_Factor   
  8.009912e+01,  0.000000e+00,  0.000000e+00
  8.009912e+01,  0.000000e+00,  5.000000e-02
  8.009912e+01,  0.000000e+00,  1.000000e-01
  8.009912e+01,  0.000000e+00,  1.500000e-01
  8.009912e+01,  0.000000e+00,  2.000000e-01
  8.009912e+01,  0.000000e+00,  2.500000e-01
  8.009912e+01,  0.000000e+00,  3.000000e-01
  8.009912e+01,  0.000000e+00,  3.500000e-01
  8.009912e+01,  0.000000e+00,  4.000000e-01
  8.009912e+01,  0.000000e+00,  4.500000e-01
  8.009912e+01,  0.000000e+00,  5.000000e-01
  8.009912e+01,  0.000000e+00,  5.500000e-01
  8.009912e+01,  0.000000e+00,  6.000000e-01
  8.009912e+01,  0.000000e+00,  6.500000e-01
  8.009912e+01,  0.000000e+00,  7.000000e-01
  8.009912e+01,  0.000000e+00,  7.500000e-01
  8.009912e+01,  0.000000e+00,  8.000000e-01
  8.009912e+01,  0.000000e+00,  8.500000e-01
  8.009912e+01,  0.000000e+00,  9.000000e-01
  8.009912e+01,  0.000000e+00,  9.500000e-01
  8.009912e+01,  0.000000e+00,  1.000000e+00
  8.009912e+01,  0.000000e+00,  1.050000e+00
  8.009912e+01,  0.000000e+00,  1.100000e+00
  8.009912e+01,  0.000000e+00,  1.150000e+00
  8.009912e+01,  0.000000e+00,  1.200000e+00
  8.009912e+01,  0.000000e+00,  1.250000e+00
  8.009912e+01,  0.000000e+00,  1.300000e+00
  8.009912e+01,  0.000000e+00,  1.350000e+00
  8.009912e+01,  0.000000e+00,  1.400000e+00
  8.009912e+01,  0.000000e+00,  1.450000e+00
  8.009912e+01,  0.000000e+00,  1.500000e+00
  8.009912e+01,  0.000000e+00,  1.550000e+00
  8.009912e+01,  0.000000e+00,  1.600000e+00
  8.009912e+01,  0.000000e+00,  1.650000e+00
  8.009912e+01,  0.000000e+00,  1.700000e+00
  8.009912e+01,  0.000000e+00,  1.750000e+00
  8.009912e+01,  0.000000e+00,  1.800000e+00
  8.009912e+01,  0.000000e+00,  1.850000e+00
  8.009912e+01,  0.000000e+00,  1.900000e+00
  8.009912e+01,  0.000000e+00,  1.950000e+00
  8.009912e+01,  0.000000e+00,  2.000000e+00
  7.675202e+01,  5.000000e-02,  0.000000e+00
  7.675202e+01,  5.000000e-02,  5.000000e-02
  7.675202e+01,  5.000000e-02,  1.000000e-01
  7.675202e+01,  5.000000e-02,  1.500000e-01
  7.675202e+01,  5.000000e-02,  2.000000e-01
  7.675202e+01,  5.000000e-02,  2.500000e-01
  7.675202e+01,  5.000000e-02,  3.000000e-01
  7.675202e+01,  5.000000e-02,  3.500000e-01
  7.675202e+01,  5.000000e-02,  4.000000e-01
  7.675202e+01,  5.000000e-02,  4.500000e-01
  7.675202e+01,  5.000000e-02,  5.000000e-01
  7.675202e+01,  5.000000e-02,  5.500000e-01
  7.675202e+01,  5.000000e-02,  6.000000e-01
  7.675202e+01,  5.000000e-02,  6.500000e-01
  7.675202e+01,  5.000000e-02,  7.000000e-01
  7.675202e+01,  5.000000e-02,  7.500000e-01
  7.675202e+01,  5.000000e-02,  8.000000e-01
  7.675202e+01,  5.000000e-02,  8.500000e-01
  7.675202e+01,  5.000000e-02,  9.000000e-01
  7.675202e+01,  5.000000e-02,  9.500000e-01
  7.675202e+01,  5.000000e-02,  1.000000e+00
  7.675202e+01,  5.000000e-02,  1.050000e+00
  7.675202e+01,  5.000000e-02,  1.100000e+00
  7.675202e+01,  5.000000e-02,  1.150000e+00
  7.675202e+01,  5.000000e-02,  1.200000e+00
  7.675202e+01,  5.000000e-02,  1.250000e+00
  7.675202e+01,  5.000000e-02,  1.300000e+00
  7.675202e+01,  5.000000e-02,  1.350000e+00
  7.675202e+01,  5.000000e-02,  1.400000e+00
  7.675202e+01,  5.000000e-02,  1.450000e+00
  7.675202e+01,  5.000000e-02,  1.500000e+00
  7.675202e+01,  5.000000e-02,  1.550000e+00
  7.675202e+01,  5.000000e-02,  1.600000e+00
  7.675202e+01,  5.000000e-02,  1.650000e+00
  7.675202e+01,  5.000000e-02,  1.700000e+00
  7.675202e+01,  5.000000e-02,  1.750000e+00
  7.675202e+01,  5.000000e-02,  1.800000e+00
  7.675202e+01,  5.000000e-02,  1.850000e+00
  7.675202e+01,  5.000000e-02,  1.900000e+00
  7.675202e+01,  5.000000e-02,  1.950000e+00
  7.675202e+01,  5.000000e-02,  2.000000e+00
  7.338802e+01,  1.000000e-01,  0.000000e+00
  7.338802e+01,  1.000000e-01,  5.000000e-02
  7.338802e+01,  1.000000e-01,  1.000000e-01
  7.338802e+01,  1.000000e-01,  1.500000e-01
  7.338802e+01,  1.000000e-01,  2.000000e-01
  7.338802e+01,  1.000000e-01,  2.500000e-01
  7.338802e+01,  1.000000e-01,  3.000000e-01
  7.338802e+01,  1.000000e-01,  3.500000e-01
  7.338802e+01,  1.000000e-01,  4.000000e-01
  7.338802e+01,  1.000000e-01,  4.500000e-01
  7.338802e+01,  1.000000e-01,  5.000000e-01
  7.338802e+01,  1.000000e-01,  5.500000e-01
  7.338802e+01,  1.000000e-01,  6.000000e-01
  7.338802e+01,  1.000000e-01,  6.500000e-01
  7.338802e+01,  1.000000e-01,  7.000000e-01
  7.338802e+01,  1.000000e-01,  7.500000e-01
  7.338802e+01,  1.000000e-01,  8.000000e-01
  7.338802e+01,  1.000000e-01,  8.500000e-01
  7.338802e+01,  1.000000e-01,  9.000000e-01
  7.338802e+01,  1.000000e-01,  9.500000e-01
  7.338802e+01,  1.000000e-01,  1.000000e+00
  7.338802e+01,  1.000000e-01,  1.050000e+00
  7.338802e+01,  1.000000e-01,  1.100000e+00
  7.338802e+01,  1.000000e-01,  1.150000e+00
  7.338802e+01,  1.000000e-01,  1.200000e+00
  7.338802e+01,  1.000000e-01,  1.250000e+00
  7.338802e+01,  1.000000e-01,  1.300000e+00
  7.338802e+01,  1.000000e-01,  1.350000e+00
  7.338802e+01,  1.000000e-01,  1.400000e+00
  7.338802e+01,  1.000000e-01,  1.450000e+00
  7.338802e+01,  1.000000e-01,  1.500000e+00
  7.338802e+01,  1.000000e-01,  1.550000e+00
  7.338802e+01,  1.000000e-01,  1.600000e+00
  7.338802e+01,  1.000000e-01,  1.650000e+00
  7.338802e+01,  1.000000e-01,  1.700000e+00
  7.338802e+01,  1.000000e-01,  1.750000e+00
  7.338802e+01,  1.000000e-01,  1.800000e+00
  7.338802e+01,  1.000000e-01,  1.850000e+00
  7.338802e+01,  1.000000e-01,  1.900000e+00
  7.338802e+01,  1.000000e-01,  1.950000e+00
  7.338802e+01,  1.000000e-01,  2.000000e+00
  7.000623e+01,  1.500000e-01,  0.000000e+00
  7.000623e+01,  1.500000e-01,  5.000000e-02
  7.000623e+01,  1.500000e-01,  1.000000e-01
  7.000623e+01,  1.500000e-01,  1.500000e-01
  7.000623e+01,  1.500000e-01,  2.000000e-01
  7.000623e+01,  1.500000e-01,  2.500000e-01
  7.000623e+01,  1.500000e-01,  3.000000e-01
  7.000623e+01,  1.500000e-01,  3.500000e-01
  7.000623e+01,  1.500000e-01,  4.000000e-01
  7.000623e+01,  1.500000e-01,  4.500000e-01
  7.000623e+01,  1.500000e-01,  5.000000e-01
  7.000623e+01,  1.500000e-01,  5.500000e-01
  7.000623e+01,  1.500000e-01,  6.000000e-01
  7.000623e+01,  1.500000e-01,  6.500000e-01
  7.000623e+01,  1.500000e-01,  7.000000e-01
  7.000623e+01,  1.500000e-01,  7.500000e-01
  7.000623e+01,  1.500000e-01,  8.000000e-01
  7.000623e+01,  1.500000e-01,  8.500000e-01
  7.000623e+01,  1.500000e-01,  9.000000e-01
  7.000623e+01,  1.500000e-01,  9.500000e-01
  7.000623e+01,  1.500000e-01,  1.000000e+00
  7.000623e+01,  1.500000e-01,  1.050000e+00
  7.000623e+01,  1.500000e-01,  1.100000e+00
  7.000623e+01,  1.500000e-01,  1.150000e+00
  7.000623e+01,  1.500000e-01,  1.200000e+00
  7.000623e+01,  1.500000e-01,  1.250000e+00
  7.000623e+01,  1.500000e-01,  1.300000e+00
  7.000623e+01,  1.500000e-01,  1.350000e+00
  7.000623e+01,  1.500000e-01,  1.400000e+00
  7.000623e+01,  1.500000e-01,  1.450000e+00
  7.000623e+01,  1.500000e-01,  1.500000e+00
  7.000623e+01,  1.500000e-01,  1.550000e+00
  7.000623e+01,  1.500000e-01,  1.600000e+00
  7.000623e+01,  1.500000e-01,  1.650000e+00
  7.000623e+01,  1.500000e-01,  1.700000e+00
  7.000623e+01,  1.500000e-01,  1.750000e+00
  7.000623e+01,  1.500000e-01,  1.800000e+00
  7.000623e+01,  1.500000e-01,  1.850000e+00
  7.000623e+01,  1.500000e-01,  1.900000e+00
  7.000623e+01,  1.500000e-01,  1.950000e+00
  7.000623e+01,  1.500000e-01,  2.000000e+00
  6.660936e+01,  2.000000e-01,  0.000000e+00
  6.660936e+01,  2.000000e-01,  5.000000e-02
  6.660936e+01,  2.000000e-01,  1.000000e-01
  6.660936e+01,  2.000000e-01,  1.500000e-01
  6.660936e+01,  2.000000e-01,  2.000000e-01
  6.660936e+01,  2.000000e-01,  2.500000e-01
  6.660936e+01,  2.000000e-01,  3.000000e-01
  6.660936e+01,  2.000000e-01,  3.500000e-01
  6.660936e+01,  2.000000e-01,  4.000000e-01
  6.660936e+01,  2.000000e-01,  4.500000e-01
  6.660936e+01,  2.000000e-01,  5.000000e-01
  6.660936e+01,  2.000000e-01,  5.500000e-01
  6.660936e+01,  2.000000e-01,  6.000000e-01
  6.660936e+01,  2.000000e-01,  6.500000e-01
  6.660936e+01,  2.000000e-01,  7.000000e-01
  6.660936e+01,  2.000000e-01,  7.500000e-01
  6.660936e+01,  2.000000e-01,  8.000000e-01
  6.660936e+01,  2.000000e-01,  8.500000e-01
  6.660936e+01,  2.000000e-01,  9.000000e-01
  6.660936e+01,  2.000000e-01,  9.500000e-01
  6.660936e+01,  2.000000e-01,  1.000000e+00
  6.660936e+01,  2.000000e-01,  1.050000e+00
  6.660936e+01,  2.000000e-01,  1.100000e+00
  6.660936e+01,  2.000000e-01,  1.150000e+00
  6.660936e+01,  2.000000e-01,  1.200000e+00
  6.660936e+01,  2.000000e-01,  1.250000e+00
  6.660936e+01,  2.000000e-01,  1.300000e+00
  6.660936e+01,  2.000000e-01,  1.350000e+00
  6.660936e+01,  2.000000e-01,  1.400000e+00
  6.660936e+01,  2.000000e-01,  1.450000e+00
  6.660936e+01,  2.000000e-01,  1.500000e+00
  6.660936e+01,  2.000000e-01,  1.550000e+00
  6.660936e+01,  2.000000e-01,  1.600000e+00
  6.660936e+01,  2.000000e-01,  1.650000e+00
  6.660936e+01,  2.000000e-01,  1.700000e+00
  6.660936e+01,  2.000000e-01,  1.750000e+00
  6.660936e+01,  2.000000e-01,  1.800000e+00
  6.660936e+01,  2.000000e-01,  1.850000e+00
  6.660936e+01,  2.000000e-01,  1.900000e+00
  6.660936e+01,  2.000000e-01,  1.950000e+00
  6.660936e+01,  2.000000e-01,  2.000000e+00
  6.319867e+01,  2.500000e-01,  0.000000e+00
  6.319867e+01,  2.500000e-01,  5.000000e-02
  6.319867e+01,  2.500000e-01,  1.000000e-01
  6.319867e+01,  2.500000e-01,  1.500000e-01
  6.319867e+01,  2.500000e-01,  2.000000e-01
  6.319867e+01,  2.500000e-01,  2.500000e-01
  6.319867e+01,  2.500000e-01,  3.000000e-01
  6.319867e+01,  2.500000e-01,  3.500000e-01
  6.319867e+01,  2.500000e-01,  4.000000e-01
  6.319867e+01,  2.500000e-01,  4.500000e-01
  6.319867e+01,  2.500000e-01,  5.000000e-01
  6.319867e+01,  2.500000e-01,  5.500000e-01
  6.319867e+01,  2.500000e-01,  6.000000e-01
  6.319867e+01,  2.500000e-01,  6.500000e-01
  6.319867e+01,  2.500000e-01,  7.000000e-01
  6.319867e+01,  2.500000e-01,  7.500000e-01
  6.319867e+01,  2.500000e-01,  8.000000e-01
  6.319867e+01,  2.500000e-01,  8.500000e-01
  6.319867e+01,  2.500000e-01,  9.000000e-01
  6.319867e+01,  2.500000e-01,  9.500000e-01
  6.319867e+01,  2.500000e-01,  1.000000e+00
  6.319867e+01,  2.500000e-01,  1.050000e+00
  6.319867e+01,  2.500000e-01,  1.100000e+00
  6.319867e+01,  2.500000e-01,  1.150000e+00
  6.319867e+01,  2.500000e-01,  1.200000e+00
  6.319867e+01,  2.500000e-01,  1.250000e+00
  6.319867e+01,  2.500000e-01,  1.300000e+00
  6.319867e+01,  2.500000e-01,  1.350000e+00
  6.319867e+01,  2.500000e-01,  1.400000e+00
  6.319867e+01,  2.500000e-01,  1.450000e+00
  6.319867e+01,  2.500000e-01,  1.500000e+00
  6.319867e+01,  2.500000e-01,  1.550000e+00
  6.319867e+01,  2.500000e-01,  1.600000e+00
  6.319867e+01,  2.500000e-01,  1.650000e+00
  6.319867e+01,  2.500000e-01,  1.700000e+00
  6.319867e+01,  2.500000e-01,  1.750000e+00
  6.319867e+01,  2.500000e-01,  1.800000e+00
  6.319867e+01,  2.500000e-01,  1.850000e+00
  6.319867e+01,  2.500000e-01,  1.900000e+00
  6.319867e+01,  2.500000e-01,  1.950000e+00
  6.319867e+01,  2.500000e-01,  2.000000e+00
  5.977995e+01,  3.000000e-01,  0.000000e+00
  5.977995e+01,  3.000000e-01,  5.000000e-02
  5.977995e+01,  3.000000e-01,  1.000000e-01
  5.977995e+01,  3.000000e-01,  1.500000e-01
  5.977995e+01,  3.000000e-01,  2.000000e-01
  5.977995e+01,  3.000000e-01,  2.500000e-01
  5.977995e+01,  3.000000e-01,  3.000000e-01
  5.977995e+01,  3.000000e-01,  3.500000e-01
  5.977995e+01,  3.000000e-01,  4.000000e-01
  5.977995e+01,  3.000000e-01,  4.500000e-01
  5.977995e+01,  3.000000e-01,  5.000000e-01
  5.977995e+01,  3.000000e-01,  5.500000e-01
  5.977995e+01,  3.000000e-01,  6.000000e-01
  5.977995e+01,  3.000000e-01,  6.500000e-01
  5.977995e+01,  3.000000e-01,  7.000000e-01
  5.977995e+01,  3.000000e-01,  7.500000e-01
  5.977995e+01,  3.000000e-01,  8.000000e-01
  5.977995e+01,  3.000000e-01,  8.500000e-01
  5.977995e+01,  3.000000e-01,  9.000000e-01
  5.977995e+01,  3.000000e-01,  9.500000e-01
  5.977995e+01,  3.000000e-01,  1.000000e+00
  5.977995e+01,  3.000000e-01,  1.050000e+00
  5.977995e+01,  3.000000e-01,  1.100000e+00
  5.977995e+01,  3.000000e-01,  1.150000e+00
  5.977995e+01,  3.000000e-01,  1.200000e+00
  5.977995e+01,  3.000000e-01,  1.250000e+00
  5.977995e+01,  3.000000e-01,  1.300000e+00
  5.977995e+01,  3.000000e-01,  1.350000e+00
  5.977995e+01,  3.000000e-01,  1.400000e+00
  5.977995e+01,  3.000000e-01,  1.450000e+00
  5.977995e+01,  3.000000e-01,  1.500000e+00
  5.977995e+01,  3.000000e-01,  1.550000e+00
  5.977995e+01,  3.000000e-01,  1.600000e+00
  5.977995e+01,  3.000000e-01,  1.650000e+00
  5.977995e+01,  3.000000e-01,  1.700000e+00
  5.977995e+01,  3.000000e-01,  1.750000e+00
  5.977995e+01,  3.000000e-01,  1.800000e+00
  5.977995e+01,  3.000000e-01,  1.850000e+00
  5.977995e+01,  3.000000e-01,  1.900000e+00
  5.977995e+01,  3.000000e-01,  1.950000e+00
  5.977995e+01,  3.000000e-01,  2.000000e+00
  5.636017e+01,  3.500000e-01,  0.000000e+00
  5.636017e+01,  3.500000e-01,  5.000000e-02
  5.636017e+01,  3.500000e-01,  1.000000e-01
  5.636017e+01,  3.500000e-01,  1.500000e-01
  5.636017e+01,  3.500000e-01,  2.000000e-01
  5.636017e+01,  3.500000e-01,  2.500000e-01
  5.636017e+01,  3.500000e-01,  3.000000e-01
  5.636017e+01,  3.500000e-01,  3.500000e-01
  5.636017e+01,  3.500000e-01,  4.000000e-01
  5.636017e+01,  3.500000e-01,  4.500000e-01
  5.636017e+01,  3.500000e-01,  5.000000e-01
  5.636017e+01,  3.500000e-01,  5.500000e-01
  5.636017e+01,  3.500000e-01,  6.000000e-01
  5.636017e+01,  3.500000e-01,  6.500000e-01
  5.636017e+01,  3.500000e-01,  7.000000e-01
  5.636017e+01,  3.500000e-01,  7.500000e-01
  5.636017e+01,  3.500000e-01,  8.000000e-01
  5.636017e+01,  3.500000e-01,  8.500000e-01
  5.636017e+01,  3.500000e-01,  9.000000e-01
  5.636017e+01,  3.500000e-01,  9.500000e-01
  5.636017e+01,  3.500000e-01,  1.000000e+00
  5.636017e+01,  3.500000e-01,  1.050000e+00
  5.636017e+01,  3.500000e-01,  1.100000e+00
  5.636017e+01,  3.500000e-01,  1.150000e+00
  5.636017e+01,  3.500000e-01,  1.200000e+00
  5.636017e+01,  3.500000e-01,  1.250000e+00
  5.636017e+01,  3.500000e-01,  1.300000e+00
  5.636017e+01,  3.500000e-01,  1.350000e+00
  5.636017e+01,  3.500000e-01,  1.400000e+00
  5.636017e+01,  3.500000e-01,  1.450000e+00
  5.636017e+01,  3.500000e-01,  1.500000e+00
  5.636017e+01,  3.500000e-01,  1.550000e+00
  5.636017e+01,  3.500000e-01,  1.600000e+00
  5.636017e+01,  3.500000e-01,  1.650000e+00
  5.636017e+01,  3.500000e-01,  1.700000e+00
  5.636017e+01,  3.500000e-01,  1.750000e+00
  5.636017e+01,  3.500000e-01,  1.800000e+00
  5.636017e+01,  3.500000e-01,  1.850000e+00
  5.636017e+01,  3.500000e-01,  1.900000e+00
  5.636017e+01,  3.500000e-01,  1.950000e+00
  5.636017e+01,  3.500000e-01,  2.000000e+00
  5.290795e+01,  4.000000e-01,  0.000000e+00
  5.290795e+01,  4.000000e-01,  5.000000e-02
  5.290795e+01,  4.000000e-01,  1.000000e-01
  5.290795e+01,  4.000000e-01,  1.500000e-01
  5.290795e+01,  4.000000e-01,  2.000000e-01
  5.290795e+01,  4.000000e-01,  2.500000e-01
  5.290795e+01,  4.000000e-01,  3.000000e-01
  5.290795e+01,  4.000000e-01,  3.500000e-01
  5.290795e+01,  4.000000e-01,  4.000000e-01
  5.290795e+01,  4.000000e-01,  4.500000e-01
  5.290795e+01,  4.000000e-01,  5.000000e-01
  5.290795e+01,  4.000000e-01,  5.500000e-01
  5.290795e+01,  4.000000e-01,  6.000000e-01
  5.290795e+01,  4.000000e-01,  6.500000e-01
  5.290795e+01,  4.000000e-01,  7.000000e-01
  5.290795e+01,  4.000000e-01,  7.500000e-01
  5.290795e+01,  4.000000e-01,  8.000000e-01
  5.290795e+01,  4.000000e-01,  8.500000e-01
  5.290795e+01,  4.000000e-01,  9.000000e-01
  5.290795e+01,  4.000000e-01,  9.500000e-01
  5.290795e+01,  4.000000e-01,  1.000000e+00
  5.290795e+01,  4.000000e-01,  1.050000e+00
  5.290795e+01,  4.000000e-01,  1.100000e+00
  5.290795e+01,  4.000000e-01,  1.150000e+00
  5.290795e+01,  4.000000e-01,  1.200000e+00
  5.290795e+01,  4.000000e-01,  1.250000e+00
  5.290795e+01,  4.000000e-01,  1.300000e+00
  5.290795e+01,  4.000000e-01,  1.350000e+00
  5.290795e+01,  4.000000e-01,  1.400000e+00
  5.290795e+01,  4.000000e-01,  1.450000e+00
  5.290795e+01,  4.000000e-01,  1.500000e+00
  5.290795e+01,  4.000000e-01,  1.550000e+00
  5.290795e+01,  4.000000e-01,  1.600000e+00
  5.290795e+01,  4.000000e-01,  1.650000e+00
  5.290795e+01,  4.000000e-01,  1.700000e+00
  5.290795e+01,  4.000000e-01,  1.750000e+00
  5.290795e+01,  4.000000e-01,  1.800000e+00
  5.290795e+01,  4.000000e-01,  1.850000e+00
  5.290795e+01,  4.000000e-01,  1.900000e+00
  5.290795e+01,  4.000000e-01,  1.950000e+00
  5.290795e+01,  4.000000e-01,  2.000000e+00
  4.932686e+01,  4.500000e-01,  0.000000e+00
  4.932686e+01,  4.500000e-01,  5.000000e-02
  4.932686e+01,  4.500000e-01,  1.000000e-01
  4.932686e+01,  4.500000e-01,  1.500000e-01
  4.932686e+01,  4.500000e-01,  2.000000e-01
  4.932686e+01,  4.500000e-01,  2.500000e-01
  4.932686e+01,  4.500000e-01,  3.000000e-01
  4.932686e+01,  4.500000e-01,  3.500000e-01
  4.932686e+01,  4.500000e-01,  4.000000e-01
  4.932686e+01,  4.500000e-01,  4.500000e-01
  4.932686e+01,  4.500000e-01,  5.000000e-01
  4.932686e+01,  4.500000e-01,  5.500000e-01
  4.932686e+01,  4.500000e-01,  6.000000e-01
  4.932686e+01,  4.500000e-01,  6.500000e-01
  4.932686e+01,  4.500000e-01,  7.000000e-01
  4.932686e+01,  4.500000e-01,  7.500000e-01
  4.932686e+01,  4.500000e-01,  8.000000e-01
  4.932686e+01,  4.500000e-01,  8.500000e-01
  4.932686e+01,  4.500000e-01,  9.000000e-01
  4.932686e+01,  4.500000e-01,  9.500000e-01
  4.932686e+01,  4.500000e-01,  1.000000e+00
  4.932686e+01,  4.500000e-01,  1.050000e+00
  4.932686e+01,  4.500000e-01,  1.100000e+00
  4.932686e+01,  4.500000e-01,  1.150000e+00
  4.932686e+01,  4.500000e-01,  1.200000e+00
  4.932686e+01,  4.500000e-01,  1.250000e+00
  4.932686e+01,  4.500000e-01,  1.300000e+00
  4.932686e+01,  4.500000e-01,  1.350000e+00
  4.932686e+01,  4.500000e-01,  1.400000e+00
  4.932686e+01,  4.500000e-01,  1.450000e+00
  4.932686e+01,  4.500000e-01,  1.500000e+00
  4.932686e+01,  4.500000e-01,  1.550000e+00
  4.932686e+01,  4.500000e-01,  1.600000e+00
  4.932686e+01,  4.500000e-01,  1.650000e+00
  4.932686e+01,  4.500000e-01,  1.700000e+00
  4.932686e+01,  4.500000e-01,  1.750000e+00
  4.932686e+01,  4.500000e-01,  1.800000e+00
  4.932686e+01,  4.500000e-01,  1.850000e+00
  4.932686e+01,  4.500000e-01,  1.900000e+00
  4.932686e+01,  4.500000e-01,  1.950000e+00
  4.932686e+01,  4.500000e-01,  2.000000e+00
  4.569422e+01,  5.000000e-01,  0.000000e+00
  4.569422e+01,  5.000000e-01,  5.000000e-02
  4.569422e+01,  5.000000e-01,  1.000000e-01
  4.569422e+01,  5.000000e-01,  1.500000e-01
  4.569422e+01,  5.000000e-01,  2.000000e-01
  4.569422e+01,  5.000000e-01,  2.500000e-01
  4.569422e+01,  5.000000e-01,  3.000000e-01
  4.569422e+01,  5.000000e-01,  3.500000e-01
  4.569422e+01,  5.000000e-01,  4.000000e-01
  4.569422e+01,  5.000000e-01,  4.500000e-01
  4.569422e+01,  5.000000e-01,  5.000000e-01
  4.569422e+01,  5.000000e-01,  5.500000e-01
  4.569422e+01,  5.000000e-01,  6.000000e-01
  4.569422e+01,  5.000000e-01,  6.500000e-01
  4.569422e+01,  5.000000e-01,  7.000000e-01
  4.569422e+01,  5.000000e-01,  7.500000e-01
  4.569422e+01,  5.000000e-01,  8.000000e-01
  4.569422e+01,  5.000000e-01,  8.500000e-01
  4.569422e+01,  5.000000e-01,  9.000000e-01
  4.569422e+01,  5.000000e-01,  9.500000e-01
  4.569422e+01,  5.000000e-01,  1.000000e+00
  4.569422e+01,  5.000000e-01,  1.050000e+00
  4.569422e+01,  5.000000e-01,  1.100000e+00
  4.569422e+01,  5.000000e-01,  1.150000e+00
  4.569422e+01,  5.000000e-01,  1.200000e+00
  4.569422e+01,  5.000000e-01,  1.250000e+00
  4.569422e+01,  5.000000e-01,  1.300000e+00
  4.569422e+01,  5.000000e-01,  1.350000e+00
  4.569422e+01,  5.000000e-01,  1.400000e+00
  4.569422e+01,  5.000000e-01,  1.450000e+00
  4.569422e+01,  5.000000e-01,  1.500000e+00
  4.569422e+01,  5.000000e-01,  1.550000e+00
  4.569422e+01,  5.000000e-01,  1.600000e+00
  4.569422e+01,  5.000000e-01,  1.650000e+00
  4.569422e+01,  5.000000e-01,  1.700000e+00
  4.569422e+01,  5.000000e-01,  1.750000e+00
  4.569422e+01,  5.000000e-01,  1.800000e+00
  4.569422e+01,  5.000000e-01,  1.850000e+00
  4.569422e+01,  5.000000e-01,  1.900000e+00
  4.569422e+01,  5.000000e-01,  1.950000e+00
  4.569422e+01,  5.000000e-01,  2.000000e+00
  4.197191e+01,  5.500000e-01,  0.000000e+00
  4.197191e+01,  5.500000e-01,  5.000000e-02
  4.197191e+01,  5.500000e-01,  1.000000e-01
  4.197191e+01,  5.500000e-01,  1.500000e-01
  4.197191e+01,  5.500000e-01,  2.000000e-01
  4.197191e+01,  5.500000e-01,  2.500000e-01
  4.197191e+01,  5.500000e-01,  3.000000e-01
  4.197191e+01,  5.500000e-01,  3.500000e-01
  4.197191e+01,  5.500000e-01,  4.000000e-01
  4.197191e+01,  5.500000e-01,  4.500000e-01
  4.197191e+01,  5.500000e-01,  5.000000e-01
  4.197191e+01,  5.500000e-01,  5.500000e-01
  4.197191e+01,  5.500000e-01,  6.000000e-01
  4.197191e+01,  5.500000e-01,  6.500000e-01
  4.197191e+01,  5.500000e-01,  7.000000e-01
  4.197191e+01,  5.500000e-01,  7.500000e-01
  4.197191e+01,  5.500000e-01,  8.000000e-01
  4.197191e+01,  5.500000e-01,  8.500000e-01
  4.197191e+01,  5.500000e-01,  9.000000e-01
  4.197191e+01,  5.500000e-01,  9.500000e-01
  4.197191e+01,  5.500000e-01,  1.000000e+00
  4.197191e+01,  5.500000e-01,  1.050000e+00
  4.197191e+01,  5.500000e-01,  1.100000e+00
  4.197191e+01,  5.500000e-01,  1.150000e+00
  4.197191e+01,  5.500000e-01,  1.200000e+00
  4.197191e+01,  5.500000e-01,  1.250000e+00
  4.197191e+01,  5.500000e-01,  1.300000e+00
  4.197191e+01,  5.500000e-01,  1.350000e+00
  4.197191e+01,  5.500000e-01,  1.400000e+00
  4.197191e+01,  5.500000e-01,  1.450000e+00
  4.197191e+01,  5.500000e-01,  1.500000e+00
  4.197191e+01,  5.500000e-01,  1.550000e+00
  4.197191e+01,  5.500000e-01,  1.600000e+00
  4.197191e+01,  5.500000e-01,  1.650000e+00
  4.197191e+01,  5.500000e-01,  1.700000e+00
  4.197191e+01,  5.500000e-01,  1.750000e+00
  4.197191e+01,  5.500000e-01,  1.800000e+00
  4.197191e+01,  5.500000e-01,  1.850000e+00
  4.197191e+01,  5.500000e-01,  1.900000e+00
  4.197191e+01,  5.500000e-01,  1.950000e+00
  4.197191e+01,  5.500000e-01,  2.000000e+00
  3.824487e+01,  6.000000e-01,  0.000000e+00
  3.824487e+01,  6.000000e-01,  5.000000e-02
  3.824487e+01,  6.000000e-01,  1.000000e-01
  3.824487e+01,  6.000000e-01,  1.500000e-01
  3.824487e+01,  6.000000e-01,  2.000000e-01
  3.824487e+01,  6.000000e-01,  2.500000e-01
  3.824487e+01,  6.000000e-01,  3.000000e-01
  3.824487e+01,  6.000000e-01,  3.500000e-01
  3.824487e+01,  6.000000e-01,  4.000000e-01
  3.824487e+01,  6.000000e-01,  4.500000e-01
  3.824487e+01,  6.000000e-01,  5.000000e-01
  3.824487e+01,  6.000000e-01,  5.500000e-01
  3.824487e+01,  6.000000e-01,  6.000000e-01
  3.824487e+01,  6.000000e-01,  6.500000e-01
  3.824487e+01,  6.000000e-01,  7.000000e-01
  3.824487e+01,  6.000000e-01,  7.500000e-01
  3.824487e+01,  6.000000e-01,  8.000000e-01
  3.824487e+01,  6.000000e-01,  8.500000e-01
  3.824487e+01,  6.000000e-01,  9.000000e-01
  3.824487e+01,  6.000000e-01,  9.500000e-01
  3.824487e+01,  6.000000e-01,  1.000000e+00
  3.824487e+01,  6.000000e-01,  1.050000e+00
  3.824487e+01,  6.000000e-01,  1.100000e+00
  3.824487e+01,  6.000000e-01,  1.150000e+00
  3.824487e+01,  6.000000e-01,  1.200000e+00
  3.824487e+01,  6.000000e-01,  1.250000e+00
  3.824487e+01,  6.000000e-01,  1.300000e+00
  3.824487e+01,  6.000000e-01,  1.350000e+00
  3.824487e+01,  6.000000e-01,  1.400000e+00
  3.824487e+01,  6.000000e-01,  1.450000e+00
  3.824487e+01,  6.000000e-01,  1.500000e+00
  3.824487e+01,  6.000000e-01,  1.550000e+00
  3.824487e+01,  6.000000e-01,  1.600000e+00
  3.824487e+01,  6.000000e-01,  1.650000e+00
  3.824487e+01,  6.000000e-01,  1.700000e+00
  3.824487e+01,  6.000000e-01,  1.750000e+00
  3.824487e+01,  6.000000e-01,  1.800000e+00
  3.824487e+01,  6.000000e-01,  1.850000e+00
  3.824487e+01,  6.000000e-01,  1.900000e+00
  3.824487e+01,  6.000000e-01,  1.950000e+00
  3.824487e+01,  6.000000e-01,  2.000000e+00
  3.452710e+01,  6.500000e-01,  0.000000e+00
  3.452710e+01,  6.500000e-01,  5.000000e-02
  3.452710e+01,  6.500000e-01,  1.000000e-01
  3.452710e+01,  6.500000e-01,  1.500000e-01
  3.452710e+01,  6.500000e-01,  2.000000e-01
  3.452710e+01,  6.500000e-01,  2.500000e-01
  3.452710e+01,  6.500000e-01,  3.000000e-01
  3.452710e+01,  6.500000e-01,  3.500000e-01
  3.452710e+01,  6.500000e-01,  4.000000e-01
  3.452710e+01,  6.500000e-01,  4.500000e-01
  3.452710e+01,  6.500000e-01,  5.000000e-01
  3.452710e+01,  6.500000e-01,  5.500000e-01
  3.452710e+01,  6.500000e-01,  6.000000e-01
  3.452710e+01,  6.500000e-01,  6.500000e-01
  3.452710e+01,  6.500000e-01,  7.000000e-01
  3.452710e+01,  6.500000e-01,  7.500000e-01
  3.452710e+01,  6.500000e-01,  8.000000e-01
  3.452710e+01,  6.500000e-01,  8.500000e-01
  3.452710e+01,  6.500000e-01,  9.000000e-01
  3.452710e+01,  6.500000e-01,  9.500000e-01
  3.452710e+01,  6.500000e-01,  1.000000e+00
  3.452710e+01,  6.500000e-01,  1.050000e+00
  3.452710e+01,  6.500000e-01,  1.100000e+00
  3.452710e+01,  6.500000e-01,  1.150000e+00
  3.452710e+01,  6.500000e-01,  1.200000e+00
  3.452710e+01,  6.500000e-01,  1.250000e+00
  3.452710e+01,  6.500000e-01,  1.300000e+00
  3.452710e+01,  6.500000e-01,  1.350000e+00
  3.452710e+01,  6.500000e-01,  1.400000e+00
  3.452710e+01,  6.500000e-01,  1.450000e+00
  3.452710e+01,  6.500000e-01,  1.500000e+00
  3.452710e+01,  6.500000e-01,  1.550000e+00
  3.452710e+01,  6.500000e-01,  1.600000e+00
  3.452710e+01,  6.500000e-01,  1.650000e+00
  3.452710e+01,  6.500000e-01,  1.700000e+00
  3.452710e+01,  6.500000e-01,  1.750000e+00
  3.452710e+01,  6.500000e-01,  1.800000e+00
  3.452710e+01,  6.500000e-01,  1.850000e+00
  3.452710e+01,  6.500000e-01,  1.900000e+00
  3.452710e+01,  6.500000e-01,  1.950000e+00
  3.452710e+01,  6.500000e-01,  2.000000e+00
  3.087518e+01,  7.000000e-01,  0.000000e+00
  3.087518e+01,  7.000000e-01,  5.000000e-02
  3.087518e+01,  7.000000e-01,  1.000000e-01
  3.087518e+01,  7.000000e-01,  1.500000e-01
  3.087518e+01,  7.000000e-01,  2.000000e-01
  3.087518e+01,  7.000000e-01,  2.500000e-01
  3.087518e+01,  7.000000e-01,  3.000000e-01
  3.087518e+01,  7.000000e-01,  3.500000e-01
  3.087518e+01,  7.000000e-01,  4.000000e-01
  3.087518e+01,  7.000000e-01,  4.500000e-01
  3.087518e+01,  7.000000e-01,  5.000000e-01
  3.087518e+01,  7.000000e-01,  5.500000e-01
  3.087518e+01,  7.000000e-01,  6.000000e-01
  3.087518e+01,  7.000000e-01,  6.500000e-01
  3.087518e+01,  7.000000e-01,  7.000000e-01
  3.087518e+01,  7.000000e-01,  7.500000e-01
  3.087518e+01,  7.000000e-01,  8.000000e-01
  3.087518e+01,  7.000000e-01,  8.500000e-01
  3.087518e+01,  7.000000e-01,  9.000000e-01
  3.087518e+01,  7.000000e-01,  9.500000e-01
  3.087518e+01,  7.000000e-01,  1.000000e+00
  3.087518e+01,  7.000000e-01,  1.050000e+00
  3.087518e+01,  7.000000e-01,  1.100000e+00
  3.087518e+01,  7.000000e-01,  1.150000e+00
  3.087518e+01,  7.000000e-01,  1.200000e+00
  3.087518e+01,  7.000000e-01,  1.250000e+00
  3.087518e+01,  7.000000e-01,  1.300000e+00
  3.087518e+01,  7.000000e-01,  1.350000e+00
  3.087518e+01,  7.000000e-01,  1.400000e+00
  3.087518e+01,  7.000000e-01,  1.450000e+00
  3.087518e+01,  7.000000e-01,  1.500000e+00
  3.087518e+01,  7.000000e-01,  1.550000e+00
  3.087518e+01,  7.000000e-01,  1.600000e+00
  3.087518e+01,  7.000000e-01,  1.650000e+00
  3.087518e+01,  7.000000e-01,  1.700000e+00
  3.087518e+01,  7.000000e-01,  1.750000e+00
  3.087518e+01,  7.000000e-01,  1.800000e+00
  3.087518e+01,  7.000000e-01,  1.850000e+00
  3.087518e+01,  7.000000e-01,  1.900000e+00
  3.087518e+01,  7.000000e-01,  1.950000e+00
  3.087518e+01,  7.000000e-01,  2.000000e+00
  2.862133e+01,  7.500000e-01,  0.000000e+00
  2.862133e+01,  7.500000e-01,  5.000000e-02
  2.862133e+01,  7.500000e-01,  1.000000e-01
  2.862133e+01,  7.500000e-01,  1.500000e-01
  2.862133e+01,  7.500000e-01,  2.000000e-01
  2.862133e+01,  7.500000e-01,  2.500000e-01
  2.862133e+01,  7.500000e-01,  3.000000e-01
  2.862133e+01,  7.500000e-01,  3.500000e-01
  2.862133e+01,  7.500000e-01,  4.000000e-01
  2.862133e+01,  7.500000e-01,  4.500000e-01
  2.862133e+01,  7.500000e-01,  5.000000e-01
  2.862133e+01,  7.500000e-01,  5.500000e-01
  2.862133e+01,  7.500000e-01,  6.000000e-01
  2.862133e+01,  7.500000e-01,  6.500000e-01
  2.862133e+01,  7.500000e-01,  7.000000e-01
  2.862133e+01,  7.500000e-01,  7.500000e-01
  2.862133e+01,  7.500000e-01,  8.000000e-01
  2.862133e+01,  7.500000e-01,  8.500000e-01
  2.862133e+01,  7.500000e-01,  9.000000e-01
  2.862133e+01,  7.500000e-01,  9.500000e-01
  2.862133e+01,  7.500000e-01,  1.000000e+00
  2.862133e+01,  7.500000e-01,  1.050000e+00
  2.862133e+01,  7.500000e-01,  1.100000e+00
  2.862133e+01,  7.500000e-01,  1.150000e+00
  2.862133e+01,  7.500000e-01,  1.200000e+00
  2.862133e+01,  7.500000e-01,  1.250000e+00
  2.862133e+01,  7.500000e-01,  1.300000e+00
  2.862133e+01,  7.500000e-01,  1.350000e+00
  2.862133e+01,  7.500000e-01,  1.400000e+00
  2.862133e+01,  7.500000e-01,  1.450000e+00
  2.862133e+01,  7.500000e-01,  1.500000e+00
  2.862133e+01,  7.500000e-01,  1.550000e+00
  2.862133e+01,  7.500000e-01,  1.600000e+00
  2.862133e+01,  7.500000e-01,  1.650000e+00
  2.862133e+01,  7.500000e-01,  1.700000e+00
  2.862133e+01,  7.500000e-01,  1.750000e+00
  2.862133e+01,  7.500000e-01,  1.800000e+00
  2.862133e+01,  7.500000e-01,  1.850000e+00
  2.862133e+01,  7.500000e-01,  1.900000e+00
  2.862133e+01,  7.500000e-01,  1.950000e+00
  2.862133e+01,  7.500000e-01,  2.000000e+00
  2.820386e+01,  8.000000e-01,  0.000000e+00
  2.808574e+01,  8.000000e-01,  5.000000e-02
  2.796807e+01,  8.000000e-01,  1.000000e-01
  2.785191e+01,  8.000000e-01,  1.500000e-01
  2.773765e+01,  8.000000e-01,  2.000000e-01
  2.762194e+01,  8.000000e-01,  2.500000e-01
  2.750648e+01,  8.000000e-01,  3.000000e-01
  2.739282e+01,  8.000000e-01,  3.500000e-01
  2.727983e+01,  8.000000e-01,  4.000000e-01
  2.716715e+01,  8.000000e-01,  4.500000e-01
  2.705498e+01,  8.000000e-01,  5.000000e-01
  2.694511e+01,  8.000000e-01,  5.500000e-01
  2.683543e+01,  8.000000e-01,  6.000000e-01
  2.672651e+01,  8.000000e-01,  6.500000e-01
  2.661880e+01,  8.000000e-01,  7.000000e-01
  2.651101e+01,  8.000000e-01,  7.500000e-01
  2.640487e+01,  8.000000e-01,  8.000000e-01
  2.629901e+01,  8.000000e-01,  8.500000e-01
  2.619359e+01,  8.000000e-01,  9.000000e-01
  2.608962e+01,  8.000000e-01,  9.500000e-01
  2.598560e+01,  8.000000e-01,  1.000000e+00
  2.588279e+01,  8.000000e-01,  1.050000e+00
  2.578062e+01,  8.000000e-01,  1.100000e+00
  2.566620e+01,  8.000000e-01,  1.150000e+00
  2.557812e+01,  8.000000e-01,  1.200000e+00
  2.547775e+01,  8.000000e-01,  1.250000e+00
  2.537804e+01,  8.000000e-01,  1.300000e+00
  2.527946e+01,  8.000000e-01,  1.350000e+00
  2.518087e+01,  8.000000e-01,  1.400000e+00
  2.508352e+01,  8.000000e-01,  1.450000e+00
  2.498668e+01,  8.000000e-01,  1.500000e+00
  2.487440e+01,  8.000000e-01,  1.550000e+00
  2.479476e+01,  8.000000e-01,  1.600000e+00
  2.469964e+01,  8.000000e-01,  1.650000e+00
  2.460506e+01,  8.000000e-01,  1.700000e+00
  2.451163e+01,  8.000000e-01,  1.750000e+00
  2.441822e+01,  8.000000e-01,  1.800000e+00
  2.432578e+01,  8.000000e-01,  1.850000e+00
  2.423403e+01,  8.000000e-01,  1.900000e+00
  2.414229e+01,  8.000000e-01,  1.950000e+00
  2.405191e+01,  8.000000e-01,  2.000000e+00
  2.804823e+01,  8.500000e-01,  0.000000e+00
  2.782185e+01,  8.500000e-01,  5.000000e-02
  2.759780e+01,  8.500000e-01,  1.000000e-01
  2.738030e+01,  8.500000e-01,  1.500000e-01
  2.716127e+01,  8.500000e-01,  2.000000e-01
  2.694539e+01,  8.500000e-01,  2.500000e-01
  2.673252e+01,  8.500000e-01,  3.000000e-01
  2.652226e+01,  8.500000e-01,  3.500000e-01
  2.631555e+01,  8.500000e-01,  4.000000e-01
  2.611104e+01,  8.500000e-01,  4.500000e-01
  2.590902e+01,  8.500000e-01,  5.000000e-01
  2.571086e+01,  8.500000e-01,  5.500000e-01
  2.551519e+01,  8.500000e-01,  6.000000e-01
  2.532175e+01,  8.500000e-01,  6.500000e-01
  2.513147e+01,  8.500000e-01,  7.000000e-01
  2.494366e+01,  8.500000e-01,  7.500000e-01
  2.475792e+01,  8.500000e-01,  8.000000e-01
  2.457292e+01,  8.500000e-01,  8.500000e-01
  2.439368e+01,  8.500000e-01,  9.000000e-01
  2.421524e+01,  8.500000e-01,  9.500000e-01
  2.403870e+01,  8.500000e-01,  1.000000e+00
  2.386434e+01,  8.500000e-01,  1.050000e+00
  2.369281e+01,  8.500000e-01,  1.100000e+00
  2.352305e+01,  8.500000e-01,  1.150000e+00
  2.335503e+01,  8.500000e-01,  1.200000e+00
  2.318974e+01,  8.500000e-01,  1.250000e+00
  2.302641e+01,  8.500000e-01,  1.300000e+00
  2.286469e+01,  8.500000e-01,  1.350000e+00
  2.270519e+01,  8.500000e-01,  1.400000e+00
  2.254795e+01,  8.500000e-01,  1.450000e+00
  2.239220e+01,  8.500000e-01,  1.500000e+00
  2.223832e+01,  8.500000e-01,  1.550000e+00
  2.208684e+01,  8.500000e-01,  1.600000e+00
  2.193675e+01,  8.500000e-01,  1.650000e+00
  2.178833e+01,  8.500000e-01,  1.700000e+00
  2.164231e+01,  8.500000e-01,  1.750000e+00
  2.149757e+01,  8.500000e-01,  1.800000e+00
  2.135445e+01,  8.500000e-01,  1.850000e+00
  2.121359e+01,  8.500000e-01,  1.900000e+00
  2.107392e+01,  8.500000e-01,  1.950000e+00
  2.093594e+01,  8.500000e-01,  2.000000e+00
  2.787723e+01,  9.000000e-01,  0.000000e+00
  2.755547e+01,  9.000000e-01,  5.000000e-02
  2.723893e+01,  9.000000e-01,  1.000000e-01
  2.693408e+01,  9.000000e-01,  1.500000e-01
  2.662965e+01,  9.000000e-01,  2.000000e-01
  2.633026e+01,  9.000000e-01,  2.500000e-01
  2.603664e+01,  9.000000e-01,  3.000000e-01
  2.574994e+01,  9.000000e-01,  3.500000e-01
  2.546740e+01,  9.000000e-01,  4.000000e-01
  2.519139e+01,  9.000000e-01,  4.500000e-01
  2.492064e+01,  9.000000e-01,  5.000000e-01
  2.465492e+01,  9.000000e-01,  5.500000e-01
  2.439353e+01,  9.000000e-01,  6.000000e-01
  2.413778e+01,  9.000000e-01,  6.500000e-01
  2.388665e+01,  9.000000e-01,  7.000000e-01
  2.364005e+01,  9.000000e-01,  7.500000e-01
  2.339786e+01,  9.000000e-01,  8.000000e-01
  2.316000e+01,  9.000000e-01,  8.500000e-01
  2.292637e+01,  9.000000e-01,  9.000000e-01
  2.269687e+01,  9.000000e-01,  9.500000e-01
  2.247141e+01,  9.000000e-01,  1.000000e+00
  2.224989e+01,  9.000000e-01,  1.050000e+00
  2.203224e+01,  9.000000e-01,  1.100000e+00
  2.181835e+01,  9.000000e-01,  1.150000e+00
  2.160815e+01,  9.000000e-01,  1.200000e+00
  2.140155e+01,  9.000000e-01,  1.250000e+00
  2.119847e+01,  9.000000e-01,  1.300000e+00
  2.099881e+01,  9.000000e-01,  1.350000e+00
  2.080251e+01,  9.000000e-01,  1.400000e+00
  2.060949e+01,  9.000000e-01,  1.450000e+00
  2.041970e+01,  9.000000e-01,  1.500000e+00
  2.023334e+01,  9.000000e-01,  1.550000e+00
  2.005005e+01,  9.000000e-01,  1.600000e+00
  1.986975e+01,  9.000000e-01,  1.650000e+00
  1.969238e+01,  9.000000e-01,  1.700000e+00
  1.951787e+01,  9.000000e-01,  1.750000e+00
  1.934613e+01,  9.000000e-01,  1.800000e+00
  1.917712e+01,  9.000000e-01,  1.850000e+00
  1.901076e+01,  9.000000e-01,  1.900000e+00
  1.884708e+01,  9.000000e-01,  1.950000e+00
  1.868637e+01,  9.000000e-01,  2.000000e+00
  2.769447e+01,  9.500000e-01,  0.000000e+00
  2.729036e+01,  9.500000e-01,  5.000000e-02
  2.689490e+01,  9.500000e-01,  1.000000e-01
  2.651532e+01,  9.500000e-01,  1.500000e-01
  2.613981e+01,  9.500000e-01,  2.000000e-01
  2.576990e+01,  9.500000e-01,  2.500000e-01
  2.541093e+01,  9.500000e-01,  3.000000e-01
  2.506089e+01,  9.500000e-01,  3.500000e-01
  2.471915e+01,  9.500000e-01,  4.000000e-01
  2.438644e+01,  9.500000e-01,  4.500000e-01
  2.406079e+01,  9.500000e-01,  5.000000e-01
  2.374299e+01,  9.500000e-01,  5.500000e-01
  2.343281e+01,  9.500000e-01,  6.000000e-01
  2.312901e+01,  9.500000e-01,  6.500000e-01
  2.283332e+01,  9.500000e-01,  7.000000e-01
  2.254399e+01,  9.500000e-01,  7.500000e-01
  2.226077e+01,  9.500000e-01,  8.000000e-01
  2.198381e+01,  9.500000e-01,  8.500000e-01
  2.171352e+01,  9.500000e-01,  9.000000e-01
  2.144888e+01,  9.500000e-01,  9.500000e-01
  2.118978e+01,  9.500000e-01,  1.000000e+00
  2.093609e+01,  9.500000e-01,  1.050000e+00
  2.068833e+01,  9.500000e-01,  1.100000e+00
  2.044588e+01,  9.500000e-01,  1.150000e+00
  2.020843e+01,  9.500000e-01,  1.200000e+00
  1.997587e+01,  9.500000e-01,  1.250000e+00
  1.974809e+01,  9.500000e-01,  1.300000e+00
  1.952498e+01,  9.500000e-01,  1.350000e+00
  1.930670e+01,  9.500000e-01,  1.400000e+00
  1.909304e+01,  9.500000e-01,  1.450000e+00
  1.888369e+01,  9.500000e-01,  1.500000e+00
  1.867854e+01,  9.500000e-01,  1.550000e+00
  1.847749e+01,  9.500000e-01,  1.600000e+00
  1.828044e+01,  9.500000e-01,  1.650000e+00
  1.808730e+01,  9.500000e-01,  1.700000e+00
  1.789797e+01,  9.500000e-01,  1.750000e+00
  1.771236e+01,  9.500000e-01,  1.800000e+00
  1.753037e+01,  9.500000e-01,  1.850000e+00
  1.735192e+01,  9.500000e-01,  1.900000e+00
  1.717693e+01,  9.500000e-01,  1.950000e+00
  1.700529e+01,  9.500000e-01,  2.000000e+00
  2.741432e+01,  1.000000e+00,  0.000000e+00
  2.693691e+01,  1.000000e+00,  5.000000e-02
  2.647327e+01,  1.000000e+00,  1.000000e-01
  2.602895e+01,  1.000000e+00,  1.500000e-01
  2.558836e+01,  1.000000e+00,  2.000000e-01
  2.516198e+01,  1.000000e+00,  2.500000e-01
  2.474838e+01,  1.000000e+00,  3.000000e-01
  2.434787e+01,  1.000000e+00,  3.500000e-01
  2.395791e+01,  1.000000e+00,  4.000000e-01
  2.357889e+01,  1.000000e+00,  4.500000e-01
  2.321151e+01,  1.000000e+00,  5.000000e-01
  2.285285e+01,  1.000000e+00,  5.500000e-01
  2.250447e+01,  1.000000e+00,  6.000000e-01
  2.216573e+01,  1.000000e+00,  6.500000e-01
  2.183536e+01,  1.000000e+00,  7.000000e-01
  2.151432e+01,  1.000000e+00,  7.500000e-01
  2.120166e+01,  1.000000e+00,  8.000000e-01
  2.089698e+01,  1.000000e+00,  8.500000e-01
  2.060045e+01,  1.000000e+00,  9.000000e-01
  2.031088e+01,  1.000000e+00,  9.500000e-01
  2.002952e+01,  1.000000e+00,  1.000000e+00
  1.975458e+01,  1.000000e+00,  1.050000e+00
  1.948676e+01,  1.000000e+00,  1.100000e+00
  1.922572e+01,  1.000000e+00,  1.150000e+00
  1.897062e+01,  1.000000e+00,  1.200000e+00
  1.872222e+01,  1.000000e+00,  1.250000e+00
  1.847982e+01,  1.000000e+00,  1.300000e+00
  1.824291e+01,  1.000000e+00,  1.350000e+00
  1.801176e+01,  1.000000e+00,  1.400000e+00
  1.778644e+01,  1.000000e+00,  1.450000e+00
  1.756617e+01,  1.000000e+00,  1.500000e+00
  1.735083e+01,  1.000000e+00,  1.550000e+00
  1.714060e+01,  1.000000e+00,  1.600000e+00
  1.693552e+01,  1.000000e+00,  1.650000e+00
  1.673497e+01,  1.000000e+00,  1.700000e+00
  1.642198e+01,  1.000000e+00,  1.750000e+00
  1.622917e+01,  1.000000e+00,  1.800000e+00
  1.604064e+01,  1.000000e+00,  1.850000e+00
  1.573970e+01,  1.000000e+00,  1.900000e+00
  1.555916e+01,  1.000000e+00,  1.950000e+00
  1.538262e+01,  1.000000e+00,  2.000000e+00
  2.723167e+01,  1.050000e+00,  0.000000e+00
  2.669189e+01,  1.050000e+00,  5.000000e-02
  2.616769e+01,  1.050000e+00,  1.000000e-01
  2.566872e+01,  1.050000e+00,  1.500000e-01
  2.517949e+01,  1.050000e+00,  2.000000e-01
  2.470340e+01,  1.050000e+00,  2.500000e-01
  2.424620e+01,  1.050000e+00,  3.000000e-01
  2.380274e+01,  1.050000e+00,  3.500000e-01
  2.337501e+01,  1.050000e+00,  4.000000e-01
  2.296052e+01,  1.050000e+00,  4.500000e-01
  2.255870e+01,  1.050000e+00,  5.000000e-01
  2.216871e+01,  1.050000e+00,  5.500000e-01
  2.179114e+01,  1.050000e+00,  6.000000e-01
  2.142450e+01,  1.050000e+00,  6.500000e-01
  2.106924e+01,  1.050000e+00,  7.000000e-01
  2.072460e+01,  1.050000e+00,  7.500000e-01
  2.039047e+01,  1.050000e+00,  8.000000e-01
  2.006517e+01,  1.050000e+00,  8.500000e-01
  1.974969e+01,  1.050000e+00,  9.000000e-01
  1.944333e+01,  1.050000e+00,  9.500000e-01
  1.914581e+01,  1.050000e+00,  1.000000e+00
  1.885625e+01,  1.050000e+00,  1.050000e+00
  1.857528e+01,  1.050000e+00,  1.100000e+00
  1.830152e+01,  1.050000e+00,  1.150000e+00
  1.803579e+01,  1.050000e+00,  1.200000e+00
  1.777686e+01,  1.050000e+00,  1.250000e+00
  1.752512e+01,  1.050000e+00,  1.300000e+00
  1.728009e+01,  1.050000e+00,  1.350000e+00
  1.704120e+01,  1.050000e+00,  1.400000e+00
  1.680917e+01,  1.050000e+00,  1.450000e+00
  1.648173e+01,  1.050000e+00,  1.500000e+00
  1.626186e+01,  1.050000e+00,  1.550000e+00
  1.604600e+01,  1.050000e+00,  1.600000e+00
  1.583533e+01,  1.050000e+00,  1.650000e+00
  1.552851e+01,  1.050000e+00,  1.700000e+00
  1.532783e+01,  1.050000e+00,  1.750000e+00
  1.513198e+01,  1.050000e+00,  1.800000e+00
  1.483278e+01,  1.050000e+00,  1.850000e+00
  1.465213e+01,  1.050000e+00,  1.900000e+00
  1.447014e+01,  1.050000e+00,  1.950000e+00
  1.429251e+01,  1.050000e+00,  2.000000e+00
  2.708694e+01,  1.100000e+00,  0.000000e+00
  2.649164e+01,  1.100000e+00,  5.000000e-02
  2.591783e+01,  1.100000e+00,  1.000000e-01
  2.537115e+01,  1.100000e+00,  1.500000e-01
  2.483681e+01,  1.100000e+00,  2.000000e-01
  2.432055e+01,  1.100000e+00,  2.500000e-01
  2.382571e+01,  1.100000e+00,  3.000000e-01
  2.334888e+01,  1.100000e+00,  3.500000e-01
  2.288834e+01,  1.100000e+00,  4.000000e-01
  2.244412e+01,  1.100000e+00,  4.500000e-01
  2.201504e+01,  1.100000e+00,  5.000000e-01
  2.159985e+01,  1.100000e+00,  5.500000e-01
  2.119920e+01,  1.100000e+00,  6.000000e-01
  2.081180e+01,  1.100000e+00,  6.500000e-01
  2.043643e+01,  1.100000e+00,  7.000000e-01
  2.007406e+01,  1.100000e+00,  7.500000e-01
  1.972313e+01,  1.100000e+00,  8.000000e-01
  1.938308e+01,  1.100000e+00,  8.500000e-01
  1.905416e+01,  1.100000e+00,  9.000000e-01
  1.873557e+01,  1.100000e+00,  9.500000e-01
  1.842601e+01,  1.100000e+00,  1.000000e+00
  1.812652e+01,  1.100000e+00,  1.050000e+00
  1.783563e+01,  1.100000e+00,  1.100000e+00
  1.755432e+01,  1.100000e+00,  1.150000e+00
  1.728074e+01,  1.100000e+00,  1.200000e+00
  1.701549e+01,  1.100000e+00,  1.250000e+00
  1.666949e+01,  1.100000e+00,  1.300000e+00
  1.641763e+01,  1.100000e+00,  1.350000e+00
  1.617491e+01,  1.100000e+00,  1.400000e+00
  1.593734e+01,  1.100000e+00,  1.450000e+00
  1.561597e+01,  1.100000e+00,  1.500000e+00
  1.539055e+01,  1.100000e+00,  1.550000e+00
  1.517467e+01,  1.100000e+00,  1.600000e+00
  1.486643e+01,  1.100000e+00,  1.650000e+00
  1.465809e+01,  1.100000e+00,  1.700000e+00
  1.446125e+01,  1.100000e+00,  1.750000e+00
  1.416664e+01,  1.100000e+00,  1.800000e+00
  1.397421e+01,  1.100000e+00,  1.850000e+00
  1.379473e+01,  1.100000e+00,  1.900000e+00
  1.351332e+01,  1.100000e+00,  1.950000e+00
  1.333566e+01,  1.100000e+00,  2.000000e+00
  2.676019e+01,  1.150000e+00,  0.000000e+00
  2.611714e+01,  1.150000e+00,  5.000000e-02
  2.549886e+01,  1.150000e+00,  1.000000e-01
  2.491182e+01,  1.150000e+00,  1.500000e-01
  2.434166e+01,  1.150000e+00,  2.000000e-01
  2.379559e+01,  1.150000e+00,  2.500000e-01
  2.326930e+01,  1.150000e+00,  3.000000e-01
  2.276504e+01,  1.150000e+00,  3.500000e-01
  2.227841e+01,  1.150000e+00,  4.000000e-01
  2.181137e+01,  1.150000e+00,  4.500000e-01
  2.136196e+01,  1.150000e+00,  5.000000e-01
  2.092882e+01,  1.150000e+00,  5.500000e-01
  2.051147e+01,  1.150000e+00,  6.000000e-01
  2.010909e+01,  1.150000e+00,  6.500000e-01
  1.972111e+01,  1.150000e+00,  7.000000e-01
  1.934671e+01,  1.150000e+00,  7.500000e-01
  1.898526e+01,  1.150000e+00,  8.000000e-01
  1.863616e+01,  1.150000e+00,  8.500000e-01
  1.829835e+01,  1.150000e+00,  9.000000e-01
  1.797252e+01,  1.150000e+00,  9.500000e-01
  1.765734e+01,  1.150000e+00,  1.000000e+00
  1.735230e+01,  1.150000e+00,  1.050000e+00
  1.705770e+01,  1.150000e+00,  1.100000e+00
  1.677251e+01,  1.150000e+00,  1.150000e+00
  1.641601e+01,  1.150000e+00,  1.200000e+00
  1.614831e+01,  1.150000e+00,  1.250000e+00
  1.588722e+01,  1.150000e+00,  1.300000e+00
  1.555370e+01,  1.150000e+00,  1.350000e+00
  1.531042e+01,  1.150000e+00,  1.400000e+00
  1.498661e+01,  1.150000e+00,  1.450000e+00
  1.475882e+01,  1.150000e+00,  1.500000e+00
  1.453334e+01,  1.150000e+00,  1.550000e+00
  1.423271e+01,  1.150000e+00,  1.600000e+00
  1.401964e+01,  1.150000e+00,  1.650000e+00
  1.381933e+01,  1.150000e+00,  1.700000e+00
  1.352970e+01,  1.150000e+00,  1.750000e+00
  1.333383e+01,  1.150000e+00,  1.800000e+00
  1.315273e+01,  1.150000e+00,  1.850000e+00
  1.287749e+01,  1.150000e+00,  1.900000e+00
  1.269753e+01,  1.150000e+00,  1.950000e+00
  1.240046e+01,  1.150000e+00,  2.000000e+00
  2.682475e+01,  1.200000e+00,  0.000000e+00
  2.613696e+01,  1.200000e+00,  5.000000e-02
  2.547750e+01,  1.200000e+00,  1.000000e-01
  2.485015e+01,  1.200000e+00,  1.500000e-01
  2.424553e+01,  1.200000e+00,  2.000000e-01
  2.366792e+01,  1.200000e+00,  2.500000e-01
  2.311310e+01,  1.200000e+00,  3.000000e-01
  2.258203e+01,  1.200000e+00,  3.500000e-01
  2.207192e+01,  1.200000e+00,  4.000000e-01
  2.158184e+01,  1.200000e+00,  4.500000e-01
  2.111199e+01,  1.200000e+00,  5.000000e-01
  2.066009e+01,  1.200000e+00,  5.500000e-01
  2.022505e+01,  1.200000e+00,  6.000000e-01
  1.980707e+01,  1.200000e+00,  6.500000e-01
  1.940477e+01,  1.200000e+00,  7.000000e-01
  1.901737e+01,  1.200000e+00,  7.500000e-01
  1.864418e+01,  1.200000e+00,  8.000000e-01
  1.828445e+01,  1.200000e+00,  8.500000e-01
  1.793758e+01,  1.200000e+00,  9.000000e-01
  1.760295e+01,  1.200000e+00,  9.500000e-01
  1.727945e+01,  1.200000e+00,  1.000000e+00
  1.696781e+01,  1.200000e+00,  1.050000e+00
  1.659254e+01,  1.200000e+00,  1.100000e+00
  1.630104e+01,  1.200000e+00,  1.150000e+00
  1.601800e+01,  1.200000e+00,  1.200000e+00
  1.566846e+01,  1.200000e+00,  1.250000e+00
  1.540336e+01,  1.200000e+00,  1.300000e+00
  1.514934e+01,  1.200000e+00,  1.350000e+00
  1.482194e+01,  1.200000e+00,  1.400000e+00
  1.458164e+01,  1.200000e+00,  1.450000e+00
  1.427022e+01,  1.200000e+00,  1.500000e+00
  1.404198e+01,  1.200000e+00,  1.550000e+00
  1.382780e+01,  1.200000e+00,  1.600000e+00
  1.352905e+01,  1.200000e+00,  1.650000e+00
  1.332935e+01,  1.200000e+00,  1.700000e+00
  1.312743e+01,  1.200000e+00,  1.750000e+00
  1.285540e+01,  1.200000e+00,  1.800000e+00
  1.266514e+01,  1.200000e+00,  1.850000e+00
  1.223203e+01,  1.200000e+00,  1.900000e+00
  1.187743e+01,  1.200000e+00,  1.950000e+00
  1.154234e+01,  1.200000e+00,  2.000000e+00
  2.667258e+01,  1.250000e+00,  0.000000e+00
  2.594653e+01,  1.250000e+00,  5.000000e-02
  2.525086e+01,  1.250000e+00,  1.000000e-01
  2.459396e+01,  1.250000e+00,  1.500000e-01
  2.396157e+01,  1.250000e+00,  2.000000e-01
  2.335683e+01,  1.250000e+00,  2.500000e-01
  2.277789e+01,  1.250000e+00,  3.000000e-01
  2.222704e+01,  1.250000e+00,  3.500000e-01
  2.169828e+01,  1.250000e+00,  4.000000e-01
  2.119172e+01,  1.250000e+00,  4.500000e-01
  2.070642e+01,  1.250000e+00,  5.000000e-01
  2.024141e+01,  1.250000e+00,  5.500000e-01
  1.979536e+01,  1.250000e+00,  6.000000e-01
  1.936679e+01,  1.250000e+00,  6.500000e-01
  1.895464e+01,  1.250000e+00,  7.000000e-01
  1.855921e+01,  1.250000e+00,  7.500000e-01
  1.817892e+01,  1.250000e+00,  8.000000e-01
  1.781309e+01,  1.250000e+00,  8.500000e-01
  1.746097e+01,  1.250000e+00,  9.000000e-01
  1.712192e+01,  1.250000e+00,  9.500000e-01
  1.679531e+01,  1.250000e+00,  1.000000e+00
  1.641114e+01,  1.250000e+00,  1.050000e+00
  1.610575e+01,  1.250000e+00,  1.100000e+00
  1.574054e+01,  1.250000e+00,  1.150000e+00
  1.545758e+01,  1.250000e+00,  1.200000e+00
  1.518451e+01,  1.250000e+00,  1.250000e+00
  1.484697e+01,  1.250000e+00,  1.300000e+00
  1.458867e+01,  1.250000e+00,  1.350000e+00
  1.426723e+01,  1.250000e+00,  1.400000e+00
  1.403044e+01,  1.250000e+00,  1.450000e+00
  1.379618e+01,  1.250000e+00,  1.500000e+00
  1.349794e+01,  1.250000e+00,  1.550000e+00
  1.327750e+01,  1.250000e+00,  1.600000e+00
  1.307252e+01,  1.250000e+00,  1.650000e+00
  1.279535e+01,  1.250000e+00,  1.700000e+00
  1.250588e+01,  1.250000e+00,  1.750000e+00
  1.197268e+01,  1.250000e+00,  1.800000e+00
  1.162564e+01,  1.250000e+00,  1.850000e+00
  1.128900e+01,  1.250000e+00,  1.900000e+00
  1.088610e+01,  1.250000e+00,  1.950000e+00
  1.050713e+01,  1.250000e+00,  2.000000e+00
  2.660390e+01,  1.300000e+00,  0.000000e+00
  2.584150e+01,  1.300000e+00,  5.000000e-02
  2.511428e+01,  1.300000e+00,  1.000000e-01
  2.442819e+01,  1.300000e+00,  1.500000e-01
  2.376759e+01,  1.300000e+00,  2.000000e-01
  2.314084e+01,  1.300000e+00,  2.500000e-01
  2.254171e+01,  1.300000e+00,  3.000000e-01
  2.197006e+01,  1.300000e+00,  3.500000e-01
  2.142404e+01,  1.300000e+00,  4.000000e-01
  2.090267e+01,  1.300000e+00,  4.500000e-01
  2.040313e+01,  1.300000e+00,  5.000000e-01
  1.992620e+01,  1.300000e+00,  5.500000e-01
  1.946870e+01,  1.300000e+00,  6.000000e-01
  1.903026e+01,  1.300000e+00,  6.500000e-01
  1.861076e+01,  1.300000e+00,  7.000000e-01
  1.820777e+01,  1.300000e+00,  7.500000e-01
  1.782043e+01,  1.300000e+00,  8.000000e-01
  1.744902e+01,  1.300000e+00,  8.500000e-01
  1.709206e+01,  1.300000e+00,  9.000000e-01
  1.674886e+01,  1.300000e+00,  9.500000e-01
  1.635304e+01,  1.300000e+00,  1.000000e+00
  1.603473e+01,  1.300000e+00,  1.050000e+00
  1.566031e+01,  1.300000e+00,  1.100000e+00
  1.536487e+01,  1.300000e+00,  1.150000e+00
  1.500814e+01,  1.300000e+00,  1.200000e+00
  1.473421e+01,  1.300000e+00,  1.250000e+00
  1.446828e+01,  1.300000e+00,  1.300000e+00
  1.414164e+01,  1.300000e+00,  1.350000e+00
  1.389648e+01,  1.300000e+00,  1.400000e+00
  1.358329e+01,  1.300000e+00,  1.450000e+00
  1.335585e+01,  1.300000e+00,  1.500000e+00
  1.313329e+01,  1.300000e+00,  1.550000e+00
  1.284278e+01,  1.300000e+00,  1.600000e+00
  1.250582e+01,  1.300000e+00,  1.650000e+00
  1.213016e+01,  1.300000e+00,  1.700000e+00
  1.160998e+01,  1.300000e+00,  1.750000e+00
  1.126490e+01,  1.300000e+00,  1.800000e+00
  1.078729e+01,  1.300000e+00,  1.850000e+00
  1.047190e+01,  1.300000e+00,  1.900000e+00
  1.003166e+01,  1.300000e+00,  1.950000e+00
  9.743412e+00,  1.300000e+00,  2.000000e+00
  2.633593e+01,  1.350000e+00,  0.000000e+00
  2.554598e+01,  1.350000e+00,  5.000000e-02
  2.479254e+01,  1.350000e+00,  1.000000e-01
  2.408366e+01,  1.350000e+00,  1.500000e-01
  2.340662e+01,  1.350000e+00,  2.000000e-01
  2.276135e+01,  1.350000e+00,  2.500000e-01
  2.214837e+01,  1.350000e+00,  3.000000e-01
  2.156421e+01,  1.350000e+00,  3.500000e-01
  2.100721e+01,  1.350000e+00,  4.000000e-01
  2.047643e+01,  1.350000e+00,  4.500000e-01
  1.996907e+01,  1.350000e+00,  5.000000e-01
  1.948562e+01,  1.350000e+00,  5.500000e-01
  1.902208e+01,  1.350000e+00,  6.000000e-01
  1.857962e+01,  1.350000e+00,  6.500000e-01
  1.815549e+01,  1.350000e+00,  7.000000e-01
  1.774979e+01,  1.350000e+00,  7.500000e-01
  1.736115e+01,  1.350000e+00,  8.000000e-01
  1.698821e+01,  1.350000e+00,  8.500000e-01
  1.656942e+01,  1.350000e+00,  9.000000e-01
  1.622532e+01,  1.350000e+00,  9.500000e-01
  1.583162e+01,  1.350000e+00,  1.000000e+00
  1.551340e+01,  1.350000e+00,  1.050000e+00
  1.520767e+01,  1.350000e+00,  1.100000e+00
  1.484817e+01,  1.350000e+00,  1.150000e+00
  1.456533e+01,  1.350000e+00,  1.200000e+00
  1.422618e+01,  1.350000e+00,  1.250000e+00
  1.396432e+01,  1.350000e+00,  1.300000e+00
  1.370722e+01,  1.350000e+00,  1.350000e+00
  1.339580e+01,  1.350000e+00,  1.400000e+00
  1.316275e+01,  1.350000e+00,  1.450000e+00
  1.286838e+01,  1.350000e+00,  1.500000e+00
  1.260119e+01,  1.350000e+00,  1.550000e+00
  1.205470e+01,  1.350000e+00,  1.600000e+00
  1.152358e+01,  1.350000e+00,  1.650000e+00
  1.117447e+01,  1.350000e+00,  1.700000e+00
  1.069400e+01,  1.350000e+00,  1.750000e+00
  1.037557e+01,  1.350000e+00,  1.800000e+00
  9.933760e+00,  1.350000e+00,  1.850000e+00
  9.643320e+00,  1.350000e+00,  1.900000e+00
  9.238182e+00,  1.350000e+00,  1.950000e+00
  8.972011e+00,  1.350000e+00,  2.000000e+00
  2.620655e+01,  1.400000e+00,  0.000000e+00
  2.538881e+01,  1.400000e+00,  5.000000e-02
  2.461179e+01,  1.400000e+00,  1.000000e-01
  2.388193e+01,  1.400000e+00,  1.500000e-01
  2.318362e+01,  1.400000e+00,  2.000000e-01
  2.252345e+01,  1.400000e+00,  2.500000e-01
  2.189422e+01,  1.400000e+00,  3.000000e-01
  2.129690e+01,  1.400000e+00,  3.500000e-01
  2.073086e+01,  1.400000e+00,  4.000000e-01
  2.018951e+01,  1.400000e+00,  4.500000e-01
  1.967293e+01,  1.400000e+00,  5.000000e-01
  1.918211e+01,  1.400000e+00,  5.500000e-01
  1.871240e+01,  1.400000e+00,  6.000000e-01
  1.826420e+01,  1.400000e+00,  6.500000e-01
  1.783592e+01,  1.400000e+00,  7.000000e-01
  1.742658e+01,  1.400000e+00,  7.500000e-01
  1.703443e+01,  1.400000e+00,  8.000000e-01
  1.660213e+01,  1.400000e+00,  8.500000e-01
  1.624169e+01,  1.400000e+00,  9.000000e-01
  1.583623e+01,  1.400000e+00,  9.500000e-01
  1.550403e+01,  1.400000e+00,  1.000000e+00
  1.518538e+01,  1.400000e+00,  1.050000e+00
  1.481682e+01,  1.400000e+00,  1.100000e+00
  1.452294e+01,  1.400000e+00,  1.150000e+00
  1.417634e+01,  1.400000e+00,  1.200000e+00
  1.390516e+01,  1.400000e+00,  1.250000e+00
  1.357894e+01,  1.400000e+00,  1.300000e+00
  1.332803e+01,  1.400000e+00,  1.350000e+00
  1.301728e+01,  1.400000e+00,  1.400000e+00
  1.278607e+01,  1.400000e+00,  1.450000e+00
  1.225773e+01,  1.400000e+00,  1.500000e+00
  1.181161e+01,  1.400000e+00,  1.550000e+00
  1.135398e+01,  1.400000e+00,  1.600000e+00
  1.086149e+01,  1.400000e+00,  1.650000e+00
  1.047056e+01,  1.400000e+00,  1.700000e+00
  1.007563e+01,  1.400000e+00,  1.750000e+00
  9.709466e+00,  1.400000e+00,  1.800000e+00
  9.355455e+00,  1.400000e+00,  1.850000e+00
  9.021294e+00,  1.400000e+00,  1.900000e+00
  8.699868e+00,  1.400000e+00,  1.950000e+00
  8.396393e+00,  1.400000e+00,  2.000000e+00
  2.609112e+01,  1.450000e+00,  0.000000e+00
  2.524805e+01,  1.450000e+00,  5.000000e-02
  2.444723e+01,  1.450000e+00,  1.000000e-01
  2.369900e+01,  1.450000e+00,  1.500000e-01
  2.298285e+01,  1.450000e+00,  2.000000e-01
  2.230628e+01,  1.450000e+00,  2.500000e-01
  2.166448e+01,  1.450000e+00,  3.000000e-01
  2.105629e+01,  1.450000e+00,  3.500000e-01
  2.047755e+01,  1.450000e+00,  4.000000e-01
  1.992829e+01,  1.450000e+00,  4.500000e-01
  1.940464e+01,  1.450000e+00,  5.000000e-01
  1.890670e+01,  1.450000e+00,  5.500000e-01
  1.843151e+01,  1.450000e+00,  6.000000e-01
  1.797838e+01,  1.450000e+00,  6.500000e-01
  1.754669e+01,  1.450000e+00,  7.000000e-01
  1.713383e+01,  1.450000e+00,  7.500000e-01
  1.668527e+01,  1.450000e+00,  8.000000e-01
  1.630709e+01,  1.450000e+00,  8.500000e-01
  1.594500e+01,  1.450000e+00,  9.000000e-01
  1.553992e+01,  1.450000e+00,  9.500000e-01
  1.515084e+01,  1.450000e+00,  1.000000e+00
  1.483176e+01,  1.450000e+00,  1.050000e+00
  1.452563e+01,  1.450000e+00,  1.100000e+00
  1.417109e+01,  1.450000e+00,  1.150000e+00
  1.388947e+01,  1.450000e+00,  1.200000e+00
  1.355653e+01,  1.450000e+00,  1.250000e+00
  1.329425e+01,  1.450000e+00,  1.300000e+00
  1.298124e+01,  1.450000e+00,  1.350000e+00
  1.273861e+01,  1.450000e+00,  1.400000e+00
  1.221694e+01,  1.450000e+00,  1.450000e+00
  1.167706e+01,  1.450000e+00,  1.500000e+00
  1.117096e+01,  1.450000e+00,  1.550000e+00
  1.080991e+01,  1.450000e+00,  1.600000e+00
  1.033289e+01,  1.450000e+00,  1.650000e+00
  9.901418e+00,  1.450000e+00,  1.700000e+00
  9.584116e+00,  1.450000e+00,  1.750000e+00
  9.177182e+00,  1.450000e+00,  1.800000e+00
  8.780108e+00,  1.450000e+00,  1.850000e+00
  8.523942e+00,  1.450000e+00,  1.900000e+00
  8.166479e+00,  1.450000e+00,  1.950000e+00
  7.932391e+00,  1.450000e+00,  2.000000e+00
  2.601034e+01,  1.500000e+00,  0.000000e+00
  2.514412e+01,  1.500000e+00,  5.000000e-02
  2.432263e+01,  1.500000e+00,  1.000000e-01
  2.355367e+01,  1.500000e+00,  1.500000e-01
  2.282425e+01,  1.500000e+00,  2.000000e-01
  2.213378e+01,  1.500000e+00,  2.500000e-01
  2.147820e+01,  1.500000e+00,  3.000000e-01
  2.085944e+01,  1.500000e+00,  3.500000e-01
  2.027240e+01,  1.500000e+00,  4.000000e-01
  1.971403e+01,  1.500000e+00,  4.500000e-01
  1.918450e+01,  1.500000e+00,  5.000000e-01
  1.868056e+01,  1.500000e+00,  5.500000e-01
  1.820042e+01,  1.500000e+00,  6.000000e-01
  1.774408e+01,  1.500000e+00,  6.500000e-01
  1.730800e+01,  1.500000e+00,  7.000000e-01
  1.689208e+01,  1.500000e+00,  7.500000e-01
  1.644300e+01,  1.500000e+00,  8.000000e-01
  1.606373e+01,  1.500000e+00,  8.500000e-01
  1.564371e+01,  1.500000e+00,  9.000000e-01
  1.529767e+01,  1.500000e+00,  9.500000e-01
  1.490734e+01,  1.500000e+00,  1.000000e+00
  1.458795e+01,  1.500000e+00,  1.050000e+00
  1.422277e+01,  1.500000e+00,  1.100000e+00
  1.392948e+01,  1.500000e+00,  1.150000e+00
  1.358765e+01,  1.500000e+00,  1.200000e+00
  1.331823e+01,  1.500000e+00,  1.250000e+00
  1.299799e+01,  1.500000e+00,  1.300000e+00
  1.275031e+01,  1.500000e+00,  1.350000e+00
  1.218387e+01,  1.500000e+00,  1.400000e+00
  1.162325e+01,  1.500000e+00,  1.450000e+00
  1.110734e+01,  1.500000e+00,  1.500000e+00
  1.075229e+01,  1.500000e+00,  1.550000e+00
  1.027209e+01,  1.500000e+00,  1.600000e+00
  9.823482e+00,  1.500000e+00,  1.650000e+00
  9.520078e+00,  1.500000e+00,  1.700000e+00
  9.111451e+00,  1.500000e+00,  1.750000e+00
  8.716734e+00,  1.500000e+00,  1.800000e+00
  8.457202e+00,  1.500000e+00,  1.850000e+00
  8.100838e+00,  1.500000e+00,  1.900000e+00
  7.865456e+00,  1.500000e+00,  1.950000e+00
  7.538446e+00,  1.500000e+00,  2.000000e+00
  2.602239e+01,  1.550000e+00,  0.000000e+00
  2.513075e+01,  1.550000e+00,  5.000000e-02
  2.428796e+01,  1.550000e+00,  1.000000e-01
  2.350013e+01,  1.550000e+00,  1.500000e-01
  2.275091e+01,  1.550000e+00,  2.000000e-01
  2.204526e+01,  1.550000e+00,  2.500000e-01
  2.137837e+01,  1.550000e+00,  3.000000e-01
  2.074759e+01,  1.550000e+00,  3.500000e-01
  2.015004e+01,  1.550000e+00,  4.000000e-01
  1.958337e+01,  1.550000e+00,  4.500000e-01
  1.904422e+01,  1.550000e+00,  5.000000e-01
  1.853312e+01,  1.550000e+00,  5.500000e-01
  1.804686e+01,  1.550000e+00,  6.000000e-01
  1.758523e+01,  1.550000e+00,  6.500000e-01
  1.714454e+01,  1.550000e+00,  7.000000e-01
  1.667452e+01,  1.550000e+00,  7.500000e-01
  1.627321e+01,  1.550000e+00,  8.000000e-01
  1.583773e+01,  1.550000e+00,  8.500000e-01
  1.547179e+01,  1.550000e+00,  9.000000e-01
  1.506626e+01,  1.550000e+00,  9.500000e-01
  1.473256e+01,  1.550000e+00,  1.000000e+00
  1.441014e+01,  1.550000e+00,  1.050000e+00
  1.404977e+01,  1.550000e+00,  1.100000e+00
  1.369776e+01,  1.550000e+00,  1.150000e+00
  1.341637e+01,  1.550000e+00,  1.200000e+00
  1.308723e+01,  1.550000e+00,  1.250000e+00
  1.282894e+01,  1.550000e+00,  1.300000e+00
  1.226062e+01,  1.550000e+00,  1.350000e+00
  1.169077e+01,  1.550000e+00,  1.400000e+00
  1.130726e+01,  1.550000e+00,  1.450000e+00
  1.080220e+01,  1.550000e+00,  1.500000e+00
  1.031350e+01,  1.550000e+00,  1.550000e+00
  9.861000e+00,  1.550000e+00,  1.600000e+00
  9.551659e+00,  1.550000e+00,  1.650000e+00
  9.136647e+00,  1.550000e+00,  1.700000e+00
  8.738023e+00,  1.550000e+00,  1.750000e+00
  8.429469e+00,  1.550000e+00,  1.800000e+00
  8.114397e+00,  1.550000e+00,  1.850000e+00
  7.770615e+00,  1.550000e+00,  1.900000e+00
  7.545167e+00,  1.550000e+00,  1.950000e+00
  7.280946e+00,  1.550000e+00,  2.000000e+00
  2.590303e+01,  1.600000e+00,  0.000000e+00
  2.499344e+01,  1.600000e+00,  5.000000e-02
  2.413515e+01,  1.600000e+00,  1.000000e-01
  2.333072e+01,  1.600000e+00,  1.500000e-01
  2.257261e+01,  1.600000e+00,  2.000000e-01
  2.185697e+01,  1.600000e+00,  2.500000e-01
  2.118147e+01,  1.600000e+00,  3.000000e-01
  2.054192e+01,  1.600000e+00,  3.500000e-01
  1.993824e+01,  1.600000e+00,  4.000000e-01
  1.936653e+01,  1.600000e+00,  4.500000e-01
  1.882455e+01,  1.600000e+00,  5.000000e-01
  1.830927e+01,  1.600000e+00,  5.500000e-01
  1.782109e+01,  1.600000e+00,  6.000000e-01
  1.735678e+01,  1.600000e+00,  6.500000e-01
  1.691463e+01,  1.600000e+00,  7.000000e-01
  1.644502e+01,  1.600000e+00,  7.500000e-01
  1.604317e+01,  1.600000e+00,  8.000000e-01
  1.560905e+01,  1.600000e+00,  8.500000e-01
  1.524332e+01,  1.600000e+00,  9.000000e-01
  1.483978e+01,  1.600000e+00,  9.500000e-01
  1.450704e+01,  1.600000e+00,  1.000000e+00
  1.413355e+01,  1.600000e+00,  1.050000e+00
  1.382793e+01,  1.600000e+00,  1.100000e+00
  1.347887e+01,  1.600000e+00,  1.150000e+00
  1.319890e+01,  1.600000e+00,  1.200000e+00
  1.287306e+01,  1.600000e+00,  1.250000e+00
  1.237157e+01,  1.600000e+00,  1.300000e+00
  1.180889e+01,  1.600000e+00,  1.350000e+00
  1.125836e+01,  1.600000e+00,  1.400000e+00
  1.075344e+01,  1.600000e+00,  1.450000e+00
  1.033160e+01,  1.600000e+00,  1.500000e+00
  9.885685e+00,  1.600000e+00,  1.550000e+00
  9.494110e+00,  1.600000e+00,  1.600000e+00
  9.080535e+00,  1.600000e+00,  1.650000e+00
  8.738959e+00,  1.600000e+00,  1.700000e+00
  8.419274e+00,  1.600000e+00,  1.750000e+00
  8.109361e+00,  1.600000e+00,  1.800000e+00
  7.771129e+00,  1.600000e+00,  1.850000e+00
  7.485362e+00,  1.600000e+00,  1.900000e+00
  7.222179e+00,  1.600000e+00,  1.950000e+00
  6.968891e+00,  1.600000e+00,  2.000000e+00
  2.570499e+01,  1.650000e+00,  0.000000e+00
  2.478190e+01,  1.650000e+00,  5.000000e-02
  2.391081e+01,  1.650000e+00,  1.000000e-01
  2.309373e+01,  1.650000e+00,  1.500000e-01
  2.233221e+01,  1.650000e+00,  2.000000e-01
  2.161025e+01,  1.650000e+00,  2.500000e-01
  2.092802e+01,  1.650000e+00,  3.000000e-01
  2.028579e+01,  1.650000e+00,  3.500000e-01
  1.967965e+01,  1.650000e+00,  4.000000e-01
  1.910474e+01,  1.650000e+00,  4.500000e-01
  1.855997e+01,  1.650000e+00,  5.000000e-01
  1.804481e+01,  1.650000e+00,  5.500000e-01
  1.755595e+01,  1.650000e+00,  6.000000e-01
  1.709161e+01,  1.650000e+00,  6.500000e-01
  1.660314e+01,  1.650000e+00,  7.000000e-01
  1.618301e+01,  1.650000e+00,  7.500000e-01
  1.573224e+01,  1.650000e+00,  8.000000e-01
  1.535157e+01,  1.650000e+00,  8.500000e-01
  1.493523e+01,  1.650000e+00,  9.000000e-01
  1.458801e+01,  1.650000e+00,  9.500000e-01
  1.420412e+01,  1.650000e+00,  1.000000e+00
  1.388667e+01,  1.650000e+00,  1.050000e+00
  1.352809e+01,  1.650000e+00,  1.100000e+00
  1.324030e+01,  1.650000e+00,  1.150000e+00
  1.290708e+01,  1.650000e+00,  1.200000e+00
  1.243722e+01,  1.650000e+00,  1.250000e+00
  1.186623e+01,  1.650000e+00,  1.300000e+00
  1.130648e+01,  1.650000e+00,  1.350000e+00
  1.079505e+01,  1.650000e+00,  1.400000e+00
  1.036581e+01,  1.650000e+00,  1.450000e+00
  9.903872e+00,  1.650000e+00,  1.500000e+00
  9.454151e+00,  1.650000e+00,  1.550000e+00
  9.051283e+00,  1.650000e+00,  1.600000e+00
  8.635224e+00,  1.650000e+00,  1.650000e+00
  8.375709e+00,  1.650000e+00,  1.700000e+00
  8.015303e+00,  1.650000e+00,  1.750000e+00
  7.666496e+00,  1.650000e+00,  1.800000e+00
  7.438587e+00,  1.650000e+00,  1.850000e+00
  7.128303e+00,  1.650000e+00,  1.900000e+00
  6.921823e+00,  1.650000e+00,  1.950000e+00
  6.636170e+00,  1.650000e+00,  2.000000e+00
  2.585045e+01,  1.700000e+00,  0.000000e+00
  2.490210e+01,  1.700000e+00,  5.000000e-02
  2.400841e+01,  1.700000e+00,  1.000000e-01
  2.317065e+01,  1.700000e+00,  1.500000e-01
  2.238914e+01,  1.700000e+00,  2.000000e-01
  2.165154e+01,  1.700000e+00,  2.500000e-01
  2.095652e+01,  1.700000e+00,  3.000000e-01
  2.029985e+01,  1.700000e+00,  3.500000e-01
  1.968216e+01,  1.700000e+00,  4.000000e-01
  1.909766e+01,  1.700000e+00,  4.500000e-01
  1.854377e+01,  1.700000e+00,  5.000000e-01
  1.801986e+01,  1.700000e+00,  5.500000e-01
  1.752347e+01,  1.700000e+00,  6.000000e-01
  1.705250e+01,  1.700000e+00,  6.500000e-01
  1.655870e+01,  1.700000e+00,  7.000000e-01
  1.613309e+01,  1.700000e+00,  7.500000e-01
  1.567823e+01,  1.700000e+00,  8.000000e-01
  1.529324e+01,  1.700000e+00,  8.500000e-01
  1.487369e+01,  1.700000e+00,  9.000000e-01
  1.452317e+01,  1.700000e+00,  9.500000e-01
  1.413697e+01,  1.700000e+00,  1.000000e+00
  1.381679e+01,  1.700000e+00,  1.050000e+00
  1.345885e+01,  1.700000e+00,  1.100000e+00
  1.316669e+01,  1.700000e+00,  1.150000e+00
  1.283485e+01,  1.700000e+00,  1.200000e+00
  1.224397e+01,  1.700000e+00,  1.250000e+00
  1.165550e+01,  1.700000e+00,  1.300000e+00
  1.112263e+01,  1.700000e+00,  1.350000e+00
  1.060440e+01,  1.700000e+00,  1.400000e+00
  1.013299e+01,  1.700000e+00,  1.450000e+00
  9.642140e+00,  1.700000e+00,  1.500000e+00
  9.330549e+00,  1.700000e+00,  1.550000e+00
  8.920650e+00,  1.700000e+00,  1.600000e+00
  8.528497e+00,  1.700000e+00,  1.650000e+00
  8.153045e+00,  1.700000e+00,  1.700000e+00
  7.906286e+00,  1.700000e+00,  1.750000e+00
  7.567653e+00,  1.700000e+00,  1.800000e+00
  7.242925e+00,  1.700000e+00,  1.850000e+00
  7.032612e+00,  1.700000e+00,  1.900000e+00
  6.739563e+00,  1.700000e+00,  1.950000e+00
  6.548605e+00,  1.700000e+00,  2.000000e+00
  2.575642e+01,  1.750000e+00,  0.000000e+00
  2.478997e+01,  1.750000e+00,  5.000000e-02
  2.388204e+01,  1.750000e+00,  1.000000e-01
  2.303227e+01,  1.750000e+00,  1.500000e-01
  2.223917e+01,  1.750000e+00,  2.000000e-01
  2.149223e+01,  1.750000e+00,  2.500000e-01
  2.078791e+01,  1.750000e+00,  3.000000e-01
  2.012679e+01,  1.750000e+00,  3.500000e-01
  1.950289e+01,  1.750000e+00,  4.000000e-01
  1.891384e+01,  1.750000e+00,  4.500000e-01
  1.835600e+01,  1.750000e+00,  5.000000e-01
  1.782948e+01,  1.750000e+00,  5.500000e-01
  1.733011e+01,  1.750000e+00,  6.000000e-01
  1.685785e+01,  1.750000e+00,  6.500000e-01
  1.636384e+01,  1.750000e+00,  7.000000e-01
  1.589030e+01,  1.750000e+00,  7.500000e-01
  1.548378e+01,  1.750000e+00,  8.000000e-01
  1.504925e+01,  1.750000e+00,  8.500000e-01
  1.468093e+01,  1.750000e+00,  9.000000e-01
  1.428182e+01,  1.750000e+00,  9.500000e-01
  1.394704e+01,  1.750000e+00,  1.000000e+00
  1.357507e+01,  1.750000e+00,  1.050000e+00
  1.326993e+01,  1.750000e+00,  1.100000e+00
  1.293040e+01,  1.750000e+00,  1.150000e+00
  1.241203e+01,  1.750000e+00,  1.200000e+00
  1.182597e+01,  1.750000e+00,  1.250000e+00
  1.125441e+01,  1.750000e+00,  1.300000e+00
  1.073820e+01,  1.750000e+00,  1.350000e+00
  1.023559e+01,  1.750000e+00,  1.400000e+00
  9.779705e+00,  1.750000e+00,  1.450000e+00
  9.318790e+00,  1.750000e+00,  1.500000e+00
  8.906220e+00,  1.750000e+00,  1.550000e+00
  8.620988e+00,  1.750000e+00,  1.600000e+00
  8.245834e+00,  1.750000e+00,  1.650000e+00
  7.880021e+00,  1.750000e+00,  1.700000e+00
  7.539802e+00,  1.750000e+00,  1.750000e+00
  7.315933e+00,  1.750000e+00,  1.800000e+00
  7.005428e+00,  1.750000e+00,  1.850000e+00
  6.802369e+00,  1.750000e+00,  1.900000e+00
  6.519707e+00,  1.750000e+00,  1.950000e+00
  6.252826e+00,  1.750000e+00,  2.000000e+00
  2.568744e+01,  1.800000e+00,  0.000000e+00
  2.470674e+01,  1.800000e+00,  5.000000e-02
  2.378660e+01,  1.800000e+00,  1.000000e-01
  2.292495e+01,  1.800000e+00,  1.500000e-01
  2.212341e+01,  1.800000e+00,  2.000000e-01
  2.136882e+01,  1.800000e+00,  2.500000e-01
  2.065840e+01,  1.800000e+00,  3.000000e-01
  1.999127e+01,  1.800000e+00,  3.500000e-01
  1.936210e+01,  1.800000e+00,  4.000000e-01
  1.876938e+01,  1.800000e+00,  4.500000e-01
  1.820971e+01,  1.800000e+00,  5.000000e-01
  1.767964e+01,  1.800000e+00,  5.500000e-01
  1.717926e+01,  1.800000e+00,  6.000000e-01
  1.666131e+01,  1.800000e+00,  6.500000e-01
  1.621155e+01,  1.800000e+00,  7.000000e-01
  1.573694e+01,  1.800000e+00,  7.500000e-01
  1.533169e+01,  1.800000e+00,  8.000000e-01
  1.489569e+01,  1.800000e+00,  8.500000e-01
  1.453037e+01,  1.800000e+00,  9.000000e-01
  1.412910e+01,  1.800000e+00,  9.500000e-01
  1.374742e+01,  1.800000e+00,  1.000000e+00
  1.342910e+01,  1.800000e+00,  1.050000e+00
  1.307234e+01,  1.800000e+00,  1.100000e+00
  1.265908e+01,  1.800000e+00,  1.150000e+00
  1.206313e+01,  1.800000e+00,  1.200000e+00
  1.147650e+01,  1.800000e+00,  1.250000e+00
  1.095260e+01,  1.800000e+00,  1.300000e+00
  1.042346e+01,  1.800000e+00,  1.350000e+00
  9.948983e+00,  1.800000e+00,  1.400000e+00
  9.484679e+00,  1.800000e+00,  1.450000e+00
  9.060718e+00,  1.800000e+00,  1.500000e+00
  8.646681e+00,  1.800000e+00,  1.550000e+00
  8.380534e+00,  1.800000e+00,  1.600000e+00
  7.970387e+00,  1.800000e+00,  1.650000e+00
  7.655999e+00,  1.800000e+00,  1.700000e+00
  7.325850e+00,  1.800000e+00,  1.750000e+00
  7.072536e+00,  1.800000e+00,  1.800000e+00
  6.807406e+00,  1.800000e+00,  1.850000e+00
  6.567491e+00,  1.800000e+00,  1.900000e+00
  6.333855e+00,  1.800000e+00,  1.950000e+00
  6.115886e+00,  1.800000e+00,  2.000000e+00
  2.541085e+01,  1.850000e+00,  0.000000e+00
  2.442988e+01,  1.850000e+00,  5.000000e-02
  2.350875e+01,  1.850000e+00,  1.000000e-01
  2.264984e+01,  1.850000e+00,  1.500000e-01
  2.185042e+01,  1.850000e+00,  2.000000e-01
  2.109822e+01,  1.850000e+00,  2.500000e-01
  2.039017e+01,  1.850000e+00,  3.000000e-01
  1.972543e+01,  1.850000e+00,  3.500000e-01
  1.910034e+01,  1.850000e+00,  4.000000e-01
  1.851183e+01,  1.850000e+00,  4.500000e-01
  1.795598e+01,  1.850000e+00,  5.000000e-01
  1.742982e+01,  1.850000e+00,  5.500000e-01
  1.693264e+01,  1.850000e+00,  6.000000e-01
  1.641996e+01,  1.850000e+00,  6.500000e-01
  1.597425e+01,  1.850000e+00,  7.000000e-01
  1.550625e+01,  1.850000e+00,  7.500000e-01
  1.505663e+01,  1.850000e+00,  8.000000e-01
  1.467597e+01,  1.850000e+00,  8.500000e-01
  1.426260e+01,  1.850000e+00,  9.000000e-01
  1.391946e+01,  1.850000e+00,  9.500000e-01
  1.353923e+01,  1.850000e+00,  1.000000e+00
  1.317877e+01,  1.850000e+00,  1.050000e+00
  1.287874e+01,  1.850000e+00,  1.100000e+00
  1.230270e+01,  1.850000e+00,  1.150000e+00
  1.169769e+01,  1.850000e+00,  1.200000e+00
  1.115081e+01,  1.850000e+00,  1.250000e+00
  1.061388e+01,  1.850000e+00,  1.300000e+00
  1.012644e+01,  1.850000e+00,  1.350000e+00
  9.649251e+00,  1.850000e+00,  1.400000e+00
  9.214367e+00,  1.850000e+00,  1.450000e+00
  8.744531e+00,  1.850000e+00,  1.500000e+00
  8.399575e+00,  1.850000e+00,  1.550000e+00
  8.020843e+00,  1.850000e+00,  1.600000e+00
  7.668632e+00,  1.850000e+00,  1.650000e+00
  7.389658e+00,  1.850000e+00,  1.700000e+00
  7.086678e+00,  1.850000e+00,  1.750000e+00
  6.812780e+00,  1.850000e+00,  1.800000e+00
  6.574323e+00,  1.850000e+00,  1.850000e+00
  6.338455e+00,  1.850000e+00,  1.900000e+00
  6.115574e+00,  1.850000e+00,  1.950000e+00
  5.886332e+00,  1.850000e+00,  2.000000e+00
  2.542313e+01,  1.900000e+00,  0.000000e+00
  2.442657e+01,  1.900000e+00,  5.000000e-02
  2.349188e+01,  1.900000e+00,  1.000000e-01
  2.261808e+01,  1.900000e+00,  1.500000e-01
  2.180922e+01,  1.900000e+00,  2.000000e-01
  2.104787e+01,  1.900000e+00,  2.500000e-01
  2.033407e+01,  1.900000e+00,  3.000000e-01
  1.966246e+01,  1.900000e+00,  3.500000e-01
  1.903159e+01,  1.900000e+00,  4.000000e-01
  1.843725e+01,  1.900000e+00,  4.500000e-01
  1.787668e+01,  1.900000e+00,  5.000000e-01
  1.734798e+01,  1.900000e+00,  5.500000e-01
  1.684840e+01,  1.900000e+00,  6.000000e-01
  1.633260e+01,  1.900000e+00,  6.500000e-01
  1.584065e+01,  1.900000e+00,  7.000000e-01
  1.541427e+01,  1.900000e+00,  7.500000e-01
  1.496578e+01,  1.900000e+00,  8.000000e-01
  1.458349e+01,  1.900000e+00,  8.500000e-01
  1.417074e+01,  1.900000e+00,  9.000000e-01
  1.377804e+01,  1.900000e+00,  9.500000e-01
  1.344706e+01,  1.900000e+00,  1.000000e+00
  1.308141e+01,  1.900000e+00,  1.050000e+00
  1.265017e+01,  1.900000e+00,  1.100000e+00
  1.204774e+01,  1.900000e+00,  1.150000e+00
  1.145362e+01,  1.900000e+00,  1.200000e+00
  1.086626e+01,  1.900000e+00,  1.250000e+00
  1.039251e+01,  1.900000e+00,  1.300000e+00
  9.858802e+00,  1.900000e+00,  1.350000e+00
  9.393833e+00,  1.900000e+00,  1.400000e+00
  8.974067e+00,  1.900000e+00,  1.450000e+00
  8.565253e+00,  1.900000e+00,  1.500000e+00
  8.222919e+00,  1.900000e+00,  1.550000e+00
  7.851808e+00,  1.900000e+00,  1.600000e+00
  7.558112e+00,  1.900000e+00,  1.650000e+00
  7.236948e+00,  1.900000e+00,  1.700000e+00
  6.965720e+00,  1.900000e+00,  1.750000e+00
  6.714978e+00,  1.900000e+00,  1.800000e+00
  6.438350e+00,  1.900000e+00,  1.850000e+00
  6.206876e+00,  1.900000e+00,  1.900000e+00
  5.992243e+00,  1.900000e+00,  1.950000e+00
  5.770795e+00,  1.900000e+00,  2.000000e+00
  2.541318e+01,  1.950000e+00,  0.000000e+00
  2.440199e+01,  1.950000e+00,  5.000000e-02
  2.345561e+01,  1.950000e+00,  1.000000e-01
  2.257182e+01,  1.950000e+00,  1.500000e-01
  2.175368e+01,  1.950000e+00,  2.000000e-01
  2.098503e+01,  1.950000e+00,  2.500000e-01
  2.026313e+01,  1.950000e+00,  3.000000e-01
  1.958679e+01,  1.950000e+00,  3.500000e-01
  1.895045e+01,  1.950000e+00,  4.000000e-01
  1.835214e+01,  1.950000e+00,  4.500000e-01
  1.778919e+01,  1.950000e+00,  5.000000e-01
  1.725652e+01,  1.950000e+00,  5.500000e-01
  1.675464e+01,  1.950000e+00,  6.000000e-01
  1.623729e+01,  1.950000e+00,  6.500000e-01
  1.574432e+01,  1.950000e+00,  7.000000e-01
  1.531761e+01,  1.950000e+00,  7.500000e-01
  1.486881e+01,  1.950000e+00,  8.000000e-01
  1.448428e+01,  1.950000e+00,  8.500000e-01
  1.407457e+01,  1.950000e+00,  9.000000e-01
  1.367815e+01,  1.950000e+00,  9.500000e-01
  1.335154e+01,  1.950000e+00,  1.000000e+00
  1.298934e+01,  1.950000e+00,  1.050000e+00
  1.254690e+01,  1.950000e+00,  1.100000e+00
  1.178264e+01,  1.950000e+00,  1.150000e+00
  1.122483e+01,  1.950000e+00,  1.200000e+00
  1.067569e+01,  1.950000e+00,  1.250000e+00
  1.017950e+01,  1.950000e+00,  1.300000e+00
  9.651758e+00,  1.950000e+00,  1.350000e+00
  9.212068e+00,  1.950000e+00,  1.400000e+00
  8.818147e+00,  1.950000e+00,  1.450000e+00
  8.424383e+00,  1.950000e+00,  1.500000e+00
  8.039497e+00,  1.950000e+00,  1.550000e+00
  7.734722e+00,  1.950000e+00,  1.600000e+00
  7.396025e+00,  1.950000e+00,  1.650000e+00
  7.087134e+00,  1.950000e+00,  1.700000e+00
  6.815926e+00,  1.950000e+00,  1.750000e+00
  6.570603e+00,  1.950000e+00,  1.800000e+00
  6.305044e+00,  1.950000e+00,  1.850000e+00
  6.111163e+00,  1.950000e+00,  1.900000e+00
  5.867452e+00,  1.950000e+00,  1.950000e+00
  5.638763e+00,  1.950000e+00,  2.000000e+00
  2.527272e+01,  2.000000e+00,  0.000000e+00
  2.425537e+01,  2.000000e+00,  5.000000e-02
  2.330428e+01,  2.000000e+00,  1.000000e-01
  2.241583e+01,  2.000000e+00,  1.500000e-01
  2.159497e+01,  2.000000e+00,  2.000000e-01
  2.082415e+01,  2.000000e+00,  2.500000e-01
  2.010084e+01,  2.000000e+00,  3.000000e-01
  1.942424e+01,  2.000000e+00,  3.500000e-01
  1.878745e+01,  2.000000e+00,  4.000000e-01
  1.818940e+01,  2.000000e+00,  4.500000e-01
  1.762618e+01,  2.000000e+00,  5.000000e-01
  1.709418e+01,  2.000000e+00,  5.500000e-01
  1.655289e+01,  2.000000e+00,  6.000000e-01
  1.607898e+01,  2.000000e+00,  6.500000e-01
  1.558830e+01,  2.000000e+00,  7.000000e-01
  1.516229e+01,  2.000000e+00,  7.500000e-01
  1.471728e+01,  2.000000e+00,  8.000000e-01
  1.428842e+01,  2.000000e+00,  8.500000e-01
  1.392516e+01,  2.000000e+00,  9.000000e-01
  1.353607e+01,  2.000000e+00,  9.500000e-01
  1.316112e+01,  2.000000e+00,  1.000000e+00
  1.278632e+01,  2.000000e+00,  1.050000e+00
  1.216925e+01,  2.000000e+00,  1.100000e+00
  1.150396e+01,  2.000000e+00,  1.150000e+00
  1.094367e+01,  2.000000e+00,  1.200000e+00
  1.033027e+01,  2.000000e+00,  1.250000e+00
  9.851114e+00,  2.000000e+00,  1.300000e+00
  9.379639e+00,  2.000000e+00,  1.350000e+00
  8.953230e+00,  2.000000e+00,  1.400000e+00
  8.593359e+00,  2.000000e+00,  1.450000e+00
  8.210489e+00,  2.000000e+00,  1.500000e+00
  7.835989e+00,  2.000000e+00,  1.550000e+00
  7.497241e+00,  2.000000e+00,  1.600000e+00
  7.184387e+00,  2.000000e+00,  1.650000e+00
  6.942972e+00,  2.000000e+00,  1.700000e+00
  6.646212e+00,  2.000000e+00,  1.750000e+00
  6.375097e+00,  2.000000e+00,  1.800000e+00
  6.180434e+00,  2.000000e+00,  1.850000e+00
  5.927792e+00,  2.000000e+00,  1.900000e+00
  5.694026e+00,  2.000000e+00,  1.950000e+00
  5.541576e+00,  2.000000e+00,  2.000000e+00
